Workbook

Sheet 상세현황
A1: 요구사항ID * | B1: 요구사항명 * | C1: 요구사항 내용(상세) * | D1: 도출유형 * | E1: 도출단계 * | F1: 요구사항유형 * | G1: 진행상태 | H1: 진행상태 변경사유 | I1: 중요도 * | J1: 난이도 * | K1: 완료예정일 | L1: 적용방안(검토의견) | M1: 업무명 | N1: 기능명 | O1: 세부기능명 | P1: 요구사항 출처구분 | Q1: 요구사항 출처상세 | R1: 요청자 | S1: 요청부서 | T1: 담당자 | U1: 검토자
A2: 관리자가 부여하는 고유 ID | B2: 요구사항 제목 | C2: 요구사항 상세 설명 | D2: 신규/개선/현행/기타 | E2: 분석/설계/구현 | F2: 기능/비기능 | G2: 수용/대체/제외/통합 (기본: 수용) | H2: 대체,제외,통합 선택 시 사유 기재 | I2: 상/중/하 | J2: 상/중/하 | K2: YYYY-MM-DD | L2: 적용방안 또는 검토의견 기재 | M2: 업무 구분 | N2: 기능 구분 | O2: 세부 기능 구분 | P2: 제안요청/기술협상/회의/기타 | Q2: 출처에 대한 상세 설명 | R2: 발주기관 요청자 | S2: 발주기관 요청부서 | T2: 사업자 담당자 | U2: 사업자 검토자
A3: RQ-FUN-자체조달-100-1000 | B3: 다국어지원(영어) | C3: 영어지원 범위내의 화면에 대한 영문 지원 (코이카) | D3: 신규 | E3: 설계 | F3: 비기능 | G3: 수용 | I3: 중 | J3: 중 | K3: 2022-12-06 | M3: 사업관리/품질 | N3: 다국어 | O3: 다국어 | Q3: 자체조달기관 인터뷰 | T3: 이동헌 | U3: 이동헌 | V3: 1. 검토결과 - 대상화면 선정 협의 및 대상화면 확정 - 대상화면 영문 적용 확인 2. 구현방안/제약사항 - (코이카) 기관 협의 및 개발 적용 진행 확인 | AA3: 0 | AB3: 0 | AC3: 0 | AD3: 0
A4: RQ-FUN-보안기능-012-0020 | B4: 내부자료 인터넷망 유출 대비 검증체계 구축 | C4: ㅇ내부망에서 게시판 글쓰기 등을 통해 파일 첨부 시 사전 혹은 사후 결재 프로세스를 구축하고, 결재권자들에게 주기적으로 알림 ㅇ내부망에서 작성되어 외부로 공개될 수 있는 모든 온라인 창구에는 창구식별번호를 부여하고, 이력 관리 시 창구식별번호, 글제목, 첨부파일명, 작성자ID, IP주소, 작성일시 등을 기록하여 추적가능성 보장 ㅇ결재권자는 내부망에서 작성되어 외부망에 게시된 첨부파일 내용 확인이 가능해야 함 ㅇ일반직원 대상 결재권자는 부서장, 용역직원 대상 결재권자는 사업담당공무원으로 지정. 단, 조달청을 제외한 타수요기관은 대표 결재권자 지정 등을 통해 내부망 자료유출 추적이 가능하도록 서비스 제공 ㅇ프로그램 DB계정에서는 이력테이블에 자료 입력만, 결재권자 DB계정에서는 이력테이블 조회 및 결재가 가능하도록 DB계정을 분리 | D4: 현행 | E4: 분석 | F4: 비기능 | G4: 수용 | I4: 중 | J4: 중 | K4: 2021-11-30 | M4: 사업관리/품질 | N4: 보안 | O4: 안전입찰 프로그램 제거 | Q4: FUN-보안기능-012 | T4: 이동헌 | U4: 이동헌 | V4: [검토결과] 내부망 작성 -> 외부망 공개(모든 온라인창구/예:게시판 글쓰기) 화면에 대한 관리체계 구축 [구현방안/제약사항] 1. 운영관리(FUN-운영관리-003/서비스운영관리-통합게시판생성관리) 등과 연관, 타 화면도 분석 필요 | Y4: 김훈희 | Z4: 이요한 | AA4: 0 | AB4: 0 | AC4: 0 | AD4: 0
A5: RQ-FUN-보안기능-015-0010 | B5: 비대면 대리인 등록절차의 외부기관 자문 | C5: ㅇ비대면 대리인 등록 절차 설계 후 외부 기관의 자문을 받아 그 결과에 대하여 보완해야 함 | D5: 현행 | E5: 분석 | F5: 비기능 | G5: 수용 | I5: 중 | J5: 중 | K5: 2021-11-30 | M5: 사업관리/품질 | N5: 보안 | O5: 비대면 대리인 등록 절차 대외 인증 | Q5: FUN-보안기능-015 | T5: 이동헌 | U5: 이동헌 | V5: 1. 검토결과 - 비대면 대리인 등록절차의 외부기관 자문을 받는 방안 2. 구현방안/제약사항 - 응용팀 : 비대면 등록절차 관련 설계 문서 ( 5월말 ) - 사업관리 : 외부 자문 계획서 및 결과서 (6월초) | Y5: 김훈희 | Z5: 이요한 | AA5: 0 | AB5: 0 | AC5: 0 | AD5: 0
A6: RQ-SER-001-0010 | B6: 정보보호 법규 준수 | C6: - 제안사는 용역수행기간 중 “국가정보보안 기본지침, 조달청 정보보안업무규정” 등 정보보호 관련 법규를 준수하며, 대외보안유지에 적극 협조하여야 함 - 사업 수행과정에서 취득한 자료와 정보에 관하여 사업수행 중일 때는 물론 사업완료 후에도 이를 외부에 유출해서는 안되며, 사업종료 시에는 완전 폐기 또는 반납해야 함 | D6: 현행 | E6: 분석 | F6: 비기능 | G6: 수용 | I6: 상 | J6: 중 | K6: 2021-11-30 | M6: 사업관리/품질 | N6: 보안 | O6: 정보보호 | Q6: SER-001 | T6: 조황근 | U6: 이동헌 | V6: 1. 검토결과 - 정보보호관련 법규 준수 및 이행(정보보호관리계획 준수) 2. 구현방안/제약사항 - 조달청 보안업무 시행세칙 준수 - 보안관리계획서 - 사업수행과정에서 취득한 자료와 정보에 대하여 외부 유출 금지 및 사업종료 시 완전 폐기함 | AA6: 0 | AB6: 0 | AC6: 0 | AD6: 0
A7: RQ-SER-001-0030 | B7: 보안적용가이드 기준 점검 | C7: 보안적용가이드를 통하여 사업 추진 및 보안적용가이드의 체크리스트를 통하여 사업 추진 결과물에 대하여 점검하여 제출하여야 함 | D7: 현행 | E7: 분석 | F7: 비기능 | G7: 수용 | I7: 상 | J7: 중 | K7: 2021-11-30 | M7: 사업관리/품질 | N7: 보안 | O7: 정보보호 | Q7: SER-001 | T7: 이동헌 | U7: 이동헌 | V7: 1. 검토결과 - 사업추진 결과물에 대하여 보안적용가이드의 체크리스트를 통한 점검 후 제출 2. 구현방안/제약사항 - 정보보안체크리스트(사전단계, 분석단계) 기반 검토 - 각 영역 적용여부 보안점검 진행 - 분석단계말 체크리스트(RFP-별표5,6) 기반 진행 | AA7: 0 | AB7: 0 | AC7: 0 | AD7: 0
A8: RQ-SER-001-0040 | B8: 보안대책 반영 시스템 개발 | C8: ㅇ보안 점검 등 보안 요구사항 반영 - 용역 사업수행계획서 작성 시 적정한 보안대책을 수립하여야 하며, 이 보안대책을 반영하여 시스템을 개발하여야 함 - 시스템 분석‧설계 및 구축, 사업수행 전 단계에 걸쳐 보안성 검토를 받아 보안대책의 적정성을 확인하여야 함 | D8: 현행 | E8: 분석 | F8: 비기능 | G8: 수용 | I8: 상 | J8: 중 | K8: 2021-11-30 | M8: 사업관리/품질 | N8: 보안 | O8: 정보보호 | Q8: SER-001 | T8: 이동헌 | U8: 이동헌 | V8: 1. 검토결과 - 개발 시 보안대책 반영 2. 구현방안/제약사항 - 시큐어코딩가이드수립 및 교육수행, 시스템개발 - Code Inspection(소나큐브) 개발 점검 수행 - 공통기술:표준가이드 문서작성, 교육수행 - 설계/개발단계 시큐어코딩 점검 수행(전문가) - 웹취약점(모의해킹) 전문업체 수행 | AA8: 0 | AB8: 0 | AC8: 0 | AD8: 0
A9: RQ-SER-001-0050 | B9: 개인정보보호 법령 준수 | C9: ㅇ개인정보보호 법령 등 관련 규정에 따라 개인정보 관련 업무를 처리해야 함 - 개인정보보호법 등 개인정보보호 관련 법규, 지침의 준수와 더불어, 이에 따른 개인정보처리위탁에 관한 협약사항을 이행하여야 함 | D9: 현행 | E9: 분석 | F9: 비기능 | G9: 수용 | I9: 상 | J9: 중 | K9: 2021-11-30 | M9: 사업관리/품질 | N9: 보안 | O9: 정보보호 | Q9: SER-001 | T9: 왕희집 | U9: 이동헌 | V9: 1. 검토결과 - 개인정보보호 법령 등 관른 규정에 따른 업무 처리 방안 2. 구축방안/제약사항 - 개인정보영향평가수행 결과 개선 및 보완 - 응용업무 반영 수행 | AA9: 0 | AB9: 0 | AC9: 0 | AD9: 0
A10: RQ-SER-002-0010 | B10: 개인정보 보호 | C10: ㅇ전 업무 수행 목적 및 범위 외 개인정보의 처리를 금함 ㅇ개인정보의 제3자 제공 및 재위탁을 금함 ㅇ위탁받은 업무와 관련하여 개인정보를 처리하는 과정에서 개인정보보호법 및 제안업체가 준수해야 할 의무를 위반하여 발생하는 손해배상에 대한 전적인 책임을 짐 ㅇ위탁받은 개인정보가 분실ㆍ도난ㆍ유출ㆍ변조 또는 훼손되지 아니하도록 주의하여야하며, 조달청이 개인정보 처리실태를 위해 실시하는 감독 및 점검에 응해야 함 ㅇ개발 및 테스트 시 개인정보가 포함된 테스트 데이터의 경우 실 데이터가 아닌 가상의 개인정보(가상 성명/주민번호/주소 등)를 생성하여 활용하여야 함 | D10: 현행 | E10: 분석 | F10: 비기능 | G10: 수용 | I10: 상 | J10: 중 | K10: 2021-11-30 | M10: 사업관리/품질 | N10: 보안 | O10: 개인정보 | Q10: SER-002 | T10: 조황근 | U10: 이동헌 | V10: 1. 검토결과 - 개인정보보호 관련 조달청 요청사항 준수하여 사업 수행 2. 구현방안/제약사항 - 개인정보위탁처리동의서 제출(컨소대표) - 보안관리계획서에 목차 추가하여 관리(개인정보관리) - 테스트데이터 생성할때 개인식별정보를 가상정보로 생성 | AA10: 0 | AB10: 0 | AC10: 0 | AD10: 0
A11: RQ-SER-003-0010 | B11: 개인정보처리 위탁 준수사항 | C11: ㅇ용역사업자는 개인정보처리위탁 준수사항 및 개인정보보호법 등 관련 규정에 따라 개인정보 관련 업무를 처리해야 함 ㅇ제안사는 개인정보보호 책임자를 지정하고, 개인정보보호를 위해 관계법령에서 정한 관리적ㆍ기술적 조치 사항과 사업 참여자교육 등을 포함하여 개인정보보호계획을 수립하여 제출하여야 함 - 접근 권한의 제한 및 관리 조치 - 접근 권한을 확인하기 위한 식별 및 인증 조치 - 권한 없는 접근을 차단하기 위한 시스템의 설치 등 조치 - 안전하게 저장ㆍ전송될 수 있도록 하기 위한 암호화 등 조치 - 접속기록의 보관 및 위ㆍ변조 방지를 위한 조치 - 보안 프로그램의 설치 및 주기적인 갱신ㆍ점검 조치 - 안전한 보관을 위한 출입통제ㆍ잠금장치 등 물리적 조치 ㅇ제안사는 개인정보보호 유출이 발생될 경우에는 인지 즉시 발주기관과 해당기관에 통지하고, 피해 최소화를 위한 대책을 마련하고 필요한 조치를 하여야 함 - 개인정보의 유출확산방지를 위해 접속경로 차단 등 긴급한 대응은 즉시 취하여야 함 | D11: 현행 | E11: 분석 | F11: 비기능 | G11: 수용 | I11: 상 | J11: 중 | K11: 2021-11-30 | M11: 사업관리/품질 | N11: 보안 | O11: 개인정보 | Q11: SER-003 | T11: 조황근 | U11: 이동헌 | V11: 1. 검토결과 - 개인정보처리위탁 준수사항 및 개인정보보호법 등 관련 규정에 따라 개인정보 관련 업무 처리 2. 구현방안/제약사항 - 보안관리계획서에 목차 추가하여 관리(개인정보관리) - 테스트데이터할때 개인식별정보 가상정보생성 | AA11: 0 | AB11: 0 | AC11: 0 | AD11: 0
A12: RQ-SER-003-0020 | B12: 개인정보보호 교육 | C12: 제안사는 참여인력에 대하여 개인정보보호 교육을 실시하고 결과를 제출하여야 함 | D12: 현행 | E12: 분석 | F12: 비기능 | G12: 수용 | I12: 상 | J12: 중 | K12: 2021-11-30 | M12: 사업관리/품질 | N12: 보안 | O12: 개인정보 | Q12: SER-003 | T12: 조황근 | U12: 이동헌 | V12: 1. 검토결과 - 참여인력 개인정보보호교육 실시 2. 구현방안/제약사항 - 보안교육 내용에 개인정보 보안 포함 - 신규투입인력 교육 시 개인정보보안 교육 실시 및 결과 제출 | AA12: 0 | AB12: 0 | AC12: 0 | AD12: 0
A13: RQ-SER-004-0010 | B13: 시큐어코딩 가이드 준수 | C13: ㅇ시큐어코딩 등 가이드 준수 및 보안 안전성을 고려하여 분석‧설계 단계부터 응용프로그램 개발 추진하여야 함 - 「소프트웨어 개발보안가이드」준수한 시스템 개발 - 정보보호 관리 체계 및 보안 요건 적용 - 보안 취약점 등 프로그램 개발 시 보안 요건 준수 하여 추진하되, 정보호호관리체계 및 보안 적용 가이드 등을 통하여 상세 요건을 도출한 뒤 반영햐여야 함 | D13: 현행 | E13: 분석 | F13: 비기능 | G13: 수용 | I13: 상 | J13: 상 | K13: 2023-04-30 | M13: 사업관리/품질 | N13: 보안 | O13: 시스템구축 보안 | Q13: SER-004 | T13: 김야중 | U13: 김야중 | V13: 1. 검토결과 1) 분석 설계 단계에서 소프트웨어 개발 보안 가이드 준수할 수 있도록 가이드를 작성하고 , 개발 단계 교육/가이드 수행하고 점검함으로 가이드를 준수한 시스템 개발 2) 정보호호관리체계 및 보안 적용 가이드 등을 통하여 프로그램 개발 2. 구현방안/제약사항 [결과] 시큐어코딩가이드, 시큐어코딩점검결과서, 모의해킹점검결과서 | W13: 시큐어코딩 | Y13: 김훈희 | Z13: 이요한 | AA13: 0 | AB13: 0 | AC13: 0 | AD13: 0
A14: RQ-SER-005-0020 | B14: 외부점검 대응 | C14: ㅇ웹호환성‧접근성‧개방성 등 관련 지침 준수 및 내･외부점검 대응 - 전자정부 웹호환성·접근성·개방성 준수지침에 따른 시스템 분석, 설계 및 개발 ㅇ외부 취약점 및 보안 점검 결과에 따른 시스템 개선하여야 함 | D14: 현행 | E14: 분석 | F14: 비기능 | G14: 수용 | I14: 상 | J14: 상 | K14: 2021-11-30 | M14: 사업관리/품질 | N14: 보안 | O14: 소프트웨어 보안 | Q14: SER-005 | T14: 이동헌 | U14: 이동헌 | V14: 1. 검토결과 - 웹호환성, 접근성, 개발성 등 관련 지침 준수 2. 구현방안/제약사항 - 웹접근성 점검 전문가 투입 - 보안취약점 점검 전문가 투입 | W14: 시스템보안 | Y14: 김훈희 | Z14: 이요한 | AA14: 0 | AB14: 0 | AC14: 0 | AD14: 0
A15: RQ-SER-006-0010 | B15: 수행인력 보안서류 | C15: ㅇ계약상대자는 정보유출을 방지하기 위하여 과업참여자는 아래 서류를 제출 해야 함 (1) 재직증명서 (2) 보안서약서 (3) 보안확약서 (4) 청렴서약서 ㅇ용역사업 참여인원은 보안서약서(하도급 업체까지 포함하여 각사 대표자 명의 보안서약서 포함)에 자필서명 후, 발주기관에 제출 해야 함 - 하도급 계약 체결 시 본사업 비밀유지 조항 포함 하여야 함 | D15: 현행 | E15: 분석 | F15: 비기능 | G15: 수용 | I15: 상 | J15: 하 | K15: 2021-11-30 | M15: 사업관리/품질 | N15: 보안 | O15: 인적보안 | Q15: SER-006 | T15: 조황근 | U15: 이동헌 | V15: 1. 검토결과 - 정보유출 방지를 위한 서류 제출 2. 구현방안/제약사항 - 수행인력 보안서약서 제출(시스템) - 청렴서약서(대표자 제출/착수계), 업체대표 보안서약서(시스템) * 재직증명서는 필요 시 제출 | AA15: 0 | AB15: 0 | AC15: 0 | AD15: 0
A16: RQ-SER-006-0020 | B16: 보안책임관 및 보안담당 역할 | C16: ㅇ용역사업 참여인원 중 최고직급자를 보안책임관으로 지정하여 발주기관의 승인을 받아야 함 ㅇ보안책임관 및 보안담당자의 직무‧역할 - 보안사항의 도난, 분실 등을 방지에 대한 제반 보안사항의 조치, 보안책임관을 지정‧운영 - 보안상 중요하다고 생각되는 모든 기록과 자료는 잠금장치가 되어있는 곳에 보관하고, 보안담당자는 이를 관리해야함 - 보안에 관한 심사 및 검증을 필요로 하는 경우 사전에 발주기관의 보안관련 담당자에게서 필요한 조치를 받아야 함 - 발주기관의 서면에 의한 승낙 없이 본 계약에 관련하여 알게 된업무상 기밀은 과업기간중은 물론 본 계약 종료 후에도 제3자에게 누설 금지 | D16: 현행 | E16: 분석 | F16: 비기능 | G16: 수용 | I16: 상 | J16: 하 | K16: 2021-11-30 | M16: 사업관리/품질 | N16: 보안 | O16: 인적보안 | Q16: SER-006 | T16: 조황근 | U16: 이동헌 | V16: 1. 검토결과 - 보안책임관/보안담당자 지정 및 역할 정의 2. 구현방안/제약사항 - 보안책임관으로 총괄PM 지정 - 보안관리계획에 직무 및 역할 정의 - 보안상 중요 자료에 대한 물리적 보안 조치 | AA16: 0 | AB16: 0 | AC16: 0 | AD16: 0
A17: RQ-SER-006-0030 | B17: 정보보안교육 수행 | C17: 참여인원에 대하여 월1회 정보보안교육을 수행하고, 교육결과에 대하여 발주기관의 확인을 받아야 함 | D17: 현행 | E17: 분석 | F17: 비기능 | G17: 수용 | I17: 상 | J17: 하 | K17: 2021-11-30 | M17: 사업관리/품질 | N17: 보안 | O17: 인적보안 | Q17: SER-006 | T17: 조황근 | U17: 이동헌 | V17: 1. 검토결과 - 참여인원 보안교육 실시 2. 구현방안/제약사항 - 신규 투입 시 보안교육 실시 - 월 1회 보안교육 실시 | AA17: 0 | AB17: 0 | AC17: 0 | AD17: 0
A18: RQ-SER-006-0040 | B18: 문서자료 보안 | C18: 정보화 사업 추진관련 각종 문서자료(공문, 책자, 출력물 등)의 보안 및 자료 관리를 해야 함 | D18: 현행 | E18: 분석 | F18: 비기능 | G18: 수용 | I18: 상 | J18: 하 | K18: 2021-11-30 | M18: 사업관리/품질 | N18: 보안 | O18: 인적보안 | Q18: SER-006 | T18: 조황근 | U18: 이동헌 | V18: 1. 검토결과 - 사업 추진고정에서 취득/생성 된 자료에 대한 관리 2. 구현방안/제약사항 - 보안관리계획서에 문서보안 계획 수립 - 사업과정에서 취득/생성 한 자료 관리 수행 | AA18: 0 | AB18: 0 | AC18: 0 | AD18: 0
A19: RQ-SER-006-0050 | B19: 개인정보 보안 | C19: 개인정보 관련 법제도에 의거 안전성 확보에 필요한 조치(기술적,관리적 조치)를 하여야 함 | D19: 현행 | E19: 분석 | F19: 비기능 | G19: 수용 | I19: 상 | J19: 하 | K19: 2021-11-30 | M19: 사업관리/품질 | N19: 보안 | O19: 인적보안 | Q19: SER-006 | T19: 왕희집 | U19: 이동헌 | V19: 1. 검토결과 - 개인정보 관련 법제도에 의거 안전성 확보에 필요한 조치 방안 2. 구축방안/제약사항 - 개인정보 영향평가 수행 및 결과 조치 - 개인정보 안정성 확인 및 조치 | AA19: 0 | AB19: 0 | AC19: 0 | AD19: 0
A20: RQ-SER-006-0060 | B20: 참여인력(인력교체) 보안 | C20: ㅇ용역사업 참여인원은 용역업체 임의로 교체할 수 없으며, 신상변동(해외여행 포함) 사항 발생 시 발주기관에 즉시 보고하여야 함 ㅇ사업 수행 인력 교체 시 PC포맷 등 사업 관련 자료의 외부유출을 방지를 위해 적절한 조치 수행하여야 함 | D20: 현행 | E20: 분석 | F20: 비기능 | G20: 수용 | I20: 상 | J20: 하 | K20: 2021-11-30 | M20: 사업관리/품질 | N20: 보안 | O20: 인적보안 | Q20: SER-006 | T20: 조황근 | U20: 이동헌 | V20: 1. 검토결과 - 투입 인력/장비 관리 수행 2. 구현방안/제약사항 - 신규인력 투입 및 철수/교체 시 절차에 따라 등록 및 승인 요청 - 반입장비에 대하여 보안프로그램 설치 및 포트Locker, 보안스티거 등 보안관리(정보보호포털) - 철수 시 장비 포맷 등 절차에 따라 처리(정보보호포털) | AA20: 0 | AB20: 0 | AC20: 0 | AD20: 0
A21: RQ-SER-007-0010 | B21: 사업장 보안관리 | C21: ㅇ계약당사자는 사업수행을 위하여 필요한 장소 및 설비, 기타 작업환경(작업장소 등)을 발주기관과 협의하여 정함 - 작업장소 상호 협의 시, 제안요청서 내 명시된 보안요구사항을 준수한 작업장소를 제시할 수 있으며, 이때 보안사고 등 위험요인을 식별하여 이에 대한 대응방안 및 제안요청서에 명시한 보안요구사항 등을 준수하여 원격지 개발 등에 따른 구체적인 보안관리 대책을 제시하여야 함 - 발주기관에서는 제시된 작업장소에 관하여 우선 검토하며, 공급자가 제시한 작업장소가 보안요구사항을 준수하지 못한 경우 거부할 수 있음 ㅇ사업수행 사무실은 원칙적으로 실제 사업에 참여하는 자만 출입을 허용하고, 비인가자 출입관리 대장을 비치하여 관리함 ㅇ사업 내에서 문서나 프로그램 버전 및 처리지침 등은 관리적 보안과 함께 잠금장치, 통제구역 등을 통하여 물리적 보안 실시함 ㅇ사업장에 대하여 일일보안점검 및 월1회 보안점검을 실시하여야 하고, 실적 보고, 보안관리대장을 비치 운영하고 발주기관의 확인을 받아야 함 ㅇ잠금장치 등 사업장에 대한 물리적 보안 조치 및 DRM 구비 - 용역사업 수행 장소에서 비인가 무선 AP설정 금지 및 사용 통제실시 ㅇ투입인력이 상주 근무하는 사업장에 대하여 화재 및 도난 사고 등에 따른 대비책 마련 ㅇ사업장의 네트워크는 내부망으로 구성하고 외부망 접근 차단 ㅇ내ㆍ외부망 접근에 대한 보안 관리 - 발주기관 내부망에 대한 접속은 반드시 발주기관의 승인을 득한 후 사용하여야 함 - 사업장은 업무망과 인터넷망을 분리하고, PC는 업무망과 인터넷망을 혼용해서는 안 됨 ㅇ기타 사업장 및 장비 보안과 관련하여 발주기관의 지침에 따름 | D21: 현행 | E21: 분석 | F21: 비기능 | G21: 수용 | I21: 상 | J21: 하 | K21: 2021-11-30 | M21: 사업관리/품질 | N21: 보안 | O21: 물리적보안 | Q21: SER-007 | T21: 조황근 | U21: 이동헌 | V21: 1. 검토결과 - 사업장에 대한 물리적 보안관리 수행 2. 구현방안/제약사항 - 조달청의 지침에 따라 사업장의 물리적 보안 관리 실시 - 비인가자 출입통제 및 출입관리대장 작성 - 일일 및 월1회 보안점검 실시 - 내부망과 인터넷망을 분리하고 조달청의 승인을 득하여 사용 | AA21: 0 | AB21: 0 | AC21: 0 | AD21: 0
A22: RQ-SER-007-0020 | B22: 사업장 장비 보안관리 | C22: ㅇ정보화 사업수행 시 필요한 각종 장비(주전산기, 통신장비, 데이터베이스, 응용프로그램, PC 등)에 대한 보안 관리 - 사업장의 정보시스템에 바이러스 백신 정품 SW를 설치하고, 자동 업데이트, 실시간 점검을 수행하는지 수시로 점검해야 함 - 사업 CD-RW, USB 등의 보조매체 기록 장치는 발주기관과의 상호 협의하여 제한된 PC에서만 사용해야 함 - 사업장내 보조기억장치(외장형 HDD, USB 등) 반입ㆍ반출 불가함. 다만, 산출물 작성 등의 보조기억매체가 필요한 경우 발주기관의 관리 하에 사용하도록 함 - 용역사업 종료 시까지는 반입된 PC의 반출 금지. 다만, 사업 수행 상 외부 반출이 필요한 경우는 자료 유출에 대비한 보안대책을 발주기관에 제출하여 발주기관 보안관리 담당자 승인 후 최소한의 장비만 반출 할 수 있음 ㅇ사업참여인원의 비인가 휴대용 저장매체(USB, CD/DVD, 스마트폰, 태블릿 PC, MP3 등)가 사업장내 정보시스템에 연결되는 것을 기술적으로 차단하고, 월1회 정상동작 여부를 점검ㆍ조치하여야 함 ㅇ정보시스템(휴대용 저장매체 포함)을 외부에 반출ㆍ입하는 경우, 반입시에는 악성코드 감염여부를, 반출 시에는 자료무단 반출여부를 확인하고 정보시스템 반ㆍ출입 대장에 기록하여야 함 ㅇ사업장에서 사용하는 모든 정보시스템에 대하여 관리자를 지정하여 장비별로 장비현황라벨을 부착 및 정보시스템 관리대장을 작성하고 변경사항에 대해 현행화하여야 함 ㅇ사업장 PC에 대하여 월1회 보안점검도구 수행 및 결과를 관리해야함 ㅇ사업장의 정보시스템에 바이러스 백신 정품 SW를 설치하고, 자동 업데이트, 실시간 점검을 수행하는 지 수시로 점검하여야 함 ㅇ사업에 참여한 사업자가 활용한 PC 및 서버의 경우, 사업 완료 후 최종 산출물을 발주기관에 제출하고, 자료의 복구가 불가능하도록 조치함 ㅇ장애, 사고 등으로 인한 시스템 피해에 대비해 최근에 백업한 시점의 내용으로 복구할 수 있는 백업정책을 수립하고 실행함 | D22: 현행 | E22: 분석 | F22: 비기능 | G22: 수용 | I22: 상 | J22: 하 | K22: 2021-11-30 | M22: 사업관리/품질 | N22: 보안 | O22: 물리적보안 | Q22: SER-007 | T22: 조황근 | U22: 이동헌 | V22: 1. 검토결과 - 사업수행 시 필요한 장비에 대한 보안관리 수행 2. 구현방안/제약사항 - 조달청 절차에 따라 장비 반입 및 철수 처리 - 반입장비에 피수 보안프로그램 설치 - 반입장비에 대하여 장비관리대장 기록 및 라벨 부착 - 월1회 보안점검도구 수행 및 관리 | AA22: 0 | AB22: 0 | AC22: 0 | AD22: 0
A23: RQ-SER-008-0010 | B23: 자료 및 산출물 보안관리 | C23: ㅇ사업수행으로 생산되는 산출물 및 기록은 보안책임관이 인가하지 않은 자에게 제공ㆍ대여ㆍ열람을 금지함 ㅇ사업관련 자료 및 사업과정에서 생산된 산출물은 보안책임관이 지정한 PC 등(반드시 인터넷과 분리)에 저장ㆍ관리하여야 함 ㅇ제안요청서 등에 명시한 누출금지 대상정보를 사용할 경우 자료관리 대장을 작성하여 인계ㆍ인수자가 직접 서명한 후 사용하고 사업완료시 관련 자료는 반납하여야 함 ㅇ비밀문서(대외비 포함)는 매일 퇴근 시 반납하여야 하며, 비밀문서를 제외한 일반문서는 제공된 사무실에 잠금장치가 된 보관함이 있을 경우 보관함에 보관하여야 함 ㅇ사업관련 자료는 인터넷 웹하드ㆍP2P 등 인터넷 자료공유사이트 및 개인메일함 저장을 금지하고 발주기관과 사업수행업체간 자료전송이 필요한 경우는 발주기관과 협의한 방법을 이용하여 송ㆍ수신하고 주기적으로 삭제 관리하여야 함 ㅇ사업완료 후 생산된 최종산출물은 인수‧인계서를 통하여 발주기관에 반납하고, PC 완전삭제 등 보안조치를 통해 사업관련 산출물(중간산출물 포함)을 모두 삭제하여야 함. ㅇ본 과업에 따른 중간 및 최종 성과물에 대해서 사업자는 발주기관의 승인 없이 외부에 제공 또는 공포 할 수 없음 | D23: 현행 | E23: 분석 | F23: 비기능 | G23: 수용 | I23: 상 | J23: 하 | K23: 2021-11-30 | M23: 사업관리/품질 | N23: 보안 | O23: 문서보안 | Q23: SER-008 | T23: 조황근 | U23: 이동헌 | V23: 1. 검토결과 - 사업수행 시 취득/생성한 산출물 관리 2. 구현방안/제약사항 - 사업수행 시 취득한 산출물에 대한 보안관리 - 보안책임자 지정 - 취득한 출력산출물에 대한 자료 인수인계대장 작성 - 디지털 자료는 다운로드시 다운로드 로그 이력관리(정보보호포털) - 생성한 산출물은 산출물서버에 관리 | AA23: 0 | AB23: 0 | AC23: 0 | AD23: 0
A24: RQ-SER-016-0010 | B24: 모의해킹 / 취약점 조치 | C24: ㅇ제3자 화이트해커 모의해킹 수행 결과 미흡한 사항을 조치해야 함 ㅇ모의해킹 결과 별도 예산이 수반될 것으로 예상되는 항목에 대하여 사업계획서 소요예산 산출내역서에 반영하여야 함 ㅇ모의해킹 결과 예산이 수반되는 항목의 내용이 사업계획서에 반영되지 않는 항목이 있는 경우 발주기관은 중장기적인 조치방안을 강구하여야 함 | D24: 현행 | E24: 분석 | F24: 비기능 | G24: 수용 | I24: 상 | J24: 상 | K24: 2021-11-30 | M24: 사업관리/품질 | N24: 보안 | O24: 기술보안 | Q24: SER-016 | T24: 왕희집 | U24: 이동헌 | V24: 1. 검토결과 - 모의해킹 수행결과 조치방안 2. 구축방안/제약사항 - 모의해킹 전문인력 투입 - 모의해킹 수행 결과 조치사항 반영 | AA24: 0 | AB24: 0 | AC24: 0 | AD24: 0
A25: RQ-SER-017-0010 | B25: 개인정보영향평가 / 대책수립 | C25: ㅇ개인정보보호법 제33조 및 동법 시행령 제35조에 따른 개인정보영향평가를 받아야 함 ㅇ개인정보영향평가 기관이 ‘개인정보 영향평가 수행안내서(행안부 매뉴얼)’, ‘개인정보 위험도 분석기준 및 해설서(행안부 공고)’를 근간으로 평가한 개인정보영향평가 결과에 대해서는 주사업자가 개발시 반영해야 함 ㅇ개인정보영향평가 결과 별도 예산이 수반될 것으로 예상되는 항목에 대하여 사업계획서 소요예산 산출내역서에 반영하여야 함 ㅇ개인정보영향평가 결과 예산이 수반되는 항목의 내용이 사업계획서에 반영되지 않는 항목이 있는 경우 발주기관은 중장기적인 조치방안을 강구하여야 함 | D25: 현행 | E25: 분석 | F25: 비기능 | G25: 수용 | I25: 상 | J25: 중 | K25: 2021-11-30 | M25: 사업관리/품질 | N25: 보안 | O25: 기술보안 | Q25: SER-017 | T25: 왕희집 | U25: 이동헌 | V25: 1. 검토결과 - 개인정보 영향평가 수행 2. 구축방안/제약사항 - 전문업체를 통한 영향평가 수행 - 개발 반영 영역에 대한 반영 및 반경결과 확인(업무 전체) | AA25: 0 | AB25: 0 | AC25: 0 | AD25: 0
A26: RQ-기술협상-0490 | B26: 최신 보안지침 준수 | C26: □ 최신 보안지침 준수 ○ 조달청 최신(2021년) 보안기준을 적용하고 관련 지침 등을 준수하여야 함 | D26: 현행 | E26: 분석 | F26: 비기능 | G26: 수용 | I26: 중 | J26: 중 | K26: 2021-11-30 | M26: 사업관리/품질 | N26: 보안 | O26: 최신보안지침 준수 | Q26: 기술협상 | T26: 조황근 | U26: 이동헌 | V26: 1. 검토결과 - 최신 보안지침 준수 2. 구현방안/제약사항 - 2021년도 조달청 정보보안 세부지침 전문(조달청 훈령 제1971호) 적용 및 준수 | AA26: 0 | AB26: 0 | AC26: 0 | AD26: 0
A27: RQ-PER-001-0010 | B27: 성능을 고려한 개발방안 | C27: ㅇ사업대상 시스템의 성능을 고려한 개발 방안을 제시하여야 함 - 차세대 시스템의 전체 및 세부 아키텍처별 성능 관점에서 사용자 응답속도, 데이터 처리속도를 일정 수준 이상으로 보장하는 방안을 제안하고, 분석·설계 시 반영 - 대량의 데이터를 암·복호화 함에 있어서 성능지연에 대한 이슈를 AP·DB 튜닝 및 DB 구조변경 등으로 해결하여야 하며, 제안사는 이에 대한 객관적인 자료를 검사 전에 제시 | D27: 현행 | E27: 분석 | F27: 비기능 | G27: 수용 | I27: 상 | J27: 상 | K27: 2021-11-30 | M27: 사업관리/품질 | N27: 성능 | O27: 성능일반 | Q27: PER-001 | T27: 김야중 | U27: 김야중 | V27: 1. 검토결과 - 전체 및 세부 아키텍처별 성능관점 점검 후 반영(공통기술) - 암,복호화 성능지연에 대해서 AP, DB튜닝 및 구조변경으로 해결(공통기술, DB통합, 인프라) : 시스템(부하성능)테스트 수행 점검 및 개선사항 도출, 개선사항 해결 2. 구현방안/제약사항 [결과] 아키텍처정의서, 시스템(부하성능)테스트결과서 | Y27: 김훈희 | Z27: 이요한 | AA27: 0 | AB27: 0 | AC27: 0 | AD27: 0
A28: RQ-PER-001-0020 | B28: 안정적 운영지원 방안 | C28: 대상시스템에 대하여 안정적 운영지원 및 사용자 지원 방안을 제시하여야 함 | D28: 현행 | E28: 분석 | F28: 비기능 | G28: 수용 | I28: 상 | J28: 중 | K28: 2021-11-30 | M28: 사업관리/품질 | N28: 성능 | O28: 성능일반 | Q28: PER-001 | T28: 이동헌 | U28: 이동헌 | V28: 1. 검토결과 - 시스템에 대한 안정적 운영지원 및 사용자 지원 방안 제시 2. 구현방안/제약사항 - 안정화계획서를 통한 지원방안 제시(안정화계획서) | Y28: 김훈희 | Z28: 이요한 | AA28: 0 | AB28: 0 | AC28: 0 | AD28: 0
A29: RQ-PER-001-0030 | B29: 성능 문제 파악 후 조치 | C29: 시스템 개발 중 로그 또는 도구를 이용하여 시스템 성능상태를 모니터링 하도록 하여 성능 상 문제를 미리 파악하여 조치한 후 시스템을 오픈하여야 함 | D29: 현행 | E29: 분석 | F29: 비기능 | G29: 수용 | I29: 상 | J29: 중 | K29: 2021-11-30 | M29: 사업관리/품질 | N29: 성능 | O29: 성능일반 | Q29: PER-001 | T29: 김야중 | U29: 김야중 | V29: 1. 검토결과 - 개발 중 성능모니터링 방안 : 로그 또는 도구를 이용하여 성능상태 모니터링(문제 파악, 조치 수행) (공통기술과 확인 필요) * 개발중 성능 테스트를 주기적으로 수행 (QMS 연동, jMeter 환경 또는 프레임워크 로그관리를 통해서 적용 여부 확인 필요) 2. 구현방안/제약사항 [결과] PiMS 시스템의 QMS 수행 이력 확인 | Y29: 김훈희 | Z29: 이요한 | AA29: 0 | AB29: 0 | AC29: 0 | AD29: 0
A30: RQ-PER-002-0010 | B30: 온라인성 업무응답시간 | C30: ㅇ모든 질의는 사용자가 요청을 하는 시간으로부터 3초 내에 그 결과를 보여줘야 함 ㅇ이 요구사항은 임의의 선택 기준이 허용되는 대량의 데이터(데이터량 2GB 이상)에 대한 질의에는 적용되지 않음 | D30: 현행 | E30: 분석 | F30: 비기능 | G30: 수용 | I30: 중 | J30: 중 | K30: 2021-11-30 | M30: 사업관리/품질 | N30: 성능 | O30: 응답시간 | Q30: PER-002 | T30: 김야중 | U30: 김야중 | V30: 1. 검토결과 - (운영환경) 부하성능 테스트 수행을 통한 성능체크(대용량, 2GB 이상 질의 미적용) : 성능시험 전문가 투입 2. 구현방안/제약사항 [결과] 시스템(부하성능)테스트결과서 | Y30: 김훈희 | Z30: 이요한 | AA30: 0 | AB30: 0 | AC30: 0 | AD30: 0
A31: RQ-PER-003-0010 | B31: 온라인배치성 업무 응답시간 | C31: ㅇ온라인 배치성 업무에 대하여 3분 이내 그 결과를 보여주어야 함 ㅇ이 요구사항은 임의의 선택 기준이 허용되는 대량의 데이터에 대한 처리에는 적용되지 않음 | D31: 현행 | E31: 분석 | F31: 비기능 | G31: 수용 | I31: 중 | J31: 중 | K31: 2021-11-30 | M31: 사업관리/품질 | N31: 성능 | O31: 응답시간 | Q31: PER-003 | T31: 김야중 | U31: 김야중 | V31: 1. 검토결과 - (운영환경) 부하성능 테스트 수행을 통한 성능체크(온라인/배치성 업무)(대용량 데이터 처리 미적용) 2. 구현방안/제약사항 [결과] 시스템(부하성능)테스트결과서 | Y31: 김훈희 | Z31: 이요한 | AA31: 0 | AB31: 0 | AC31: 0 | AD31: 0
A32: RQ-PER-004-0010 | B32: 웹 페이지 디스플레이 시간 | C32: ㅇ정보시스템의 웹페이지는 사용자가 요청한 시간으로부터 3초 이내 완전히 디스플레이 되어야 함 ㅇ이 요구사항은 한 개 이상의 큰 이미지(이미지 50KB 이상) 및 동영상을 가지고 있는 페이지에 적용되지 않음 ㅇ이 요구사항은 시스템을 사용하는 사용자 숫자가 동시 사용자 용량의 90%를 초과하는 경우 적용하지 않음 - 대량 데이터 조회/출력/업·다운로드 시 작업을 시작하는 시점에 이에 따른 영향에 대해 사용자에게 팝업 메시지로 알림 | D32: 현행 | E32: 분석 | F32: 비기능 | G32: 수용 | I32: 중 | J32: 중 | K32: 2021-11-30 | M32: 사업관리/품질 | N32: 성능 | O32: 응답시간 | Q32: PER-004 | T32: 김야중 | U32: 김야중 | V32: 1. 검토결과 1) 웹페이지 요청한 시간으로부터 3초 이내 디스플레이(큰 이미지(50KB 이상), 동영상 포함 미적용, 동시 사용자 용량의 90% 초과 미 적용) 2) 대량 데이터 조회/출력/업·다운로드 시 작업을 시작하는 시점에 이에 따른 영향에 대해 사용자에게팝업 메시지로 알림(응용에서 대상 선정 메시지 처리) 2. 구현방안/제약사항 1) [결과] 시스템(부하성능)테스트결과서 2) [결과] 메시지 처리 적용 화면 | Y32: 김훈희 | Z32: 이요한 | AA32: 0 | AB32: 0 | AC32: 0 | AD32: 0
A33: RQ-PER-006-0010 | B33: 아키텍처 및 응용프로그램 검증 | C33: ㅇ 검증 대상 및 일정은 발주기관과 협의하여 시행 - 예) 입찰, 물품, 경리, 연계 등 ㅇ 아키텍처 검증환경 방안을 분석·설계단계에서 제시 ㅇ 성능테스트 수행이 가능한 전문 인력을 투입 ㅇ 동시접속자수 등을 고려하여 시스템의 성능이 최적화 될 수 있도록 시스템 성능 진단 및 향상을 위한 튜닝을 지속적으로 실시 ㅇ 개인정보보호 및 시스템 보안을 위한 암호화 적용 등 각종 보안 솔루션 적용에 따른 성능 저하에 대비한 방안을 수립하여 적용 ㅇ 피크타임 및 과부하에 따른 시스템 안정성 점검 | D33: 현행 | E33: 분석 | F33: 비기능 | G33: 수용 | I33: 상 | J33: 상 | K33: 2021-11-30 | M33: 사업관리/품질 | N33: 성능 | O33: 성능검증 | Q33: PER-006 | T33: 김야중 | U33: 김야중 | V33: 1. 검토결과 1) 아키텍처 검증환경 방안 분석,설계단계 제시 (공통기술) 2) 성능 전문인력 투입 (사업관리) 3) 성능테스트 후 튜닝 (전체업무) 2. 구현방안/제약사항 [결과] 시스템(부하성능)테스트결과서 | Y33: 김훈희 | Z33: 이요한 | AA33: 0 | AB33: 0 | AC33: 0 | AD33: 0
A34: RQ-FUN-공통-022-0010 | B34: 현행프로그램 개선방안 제시 | C34: ㅇ현행 프로그램에서 수행 중인 소스코드 등을 분석하여 현행 프로그램 오류, 구조적 결함, 설계 한계점을 분석하고 개선 방안 제시 - 제안사는 소스코드 현황 분석 결과, 장애·성능저하 요인 식별 결과 등을 기반으로 수행대상의 개선방안 및 개선전략을 제시하여야 함 - 사업범위 내 단위기능까지 수행 | D34: 현행 | E34: 분석 | F34: 비기능 | G34: 수용 | I34: 중 | J34: 중 | K34: 2021-11-30 | M34: 사업관리/품질 | N34: 소스코드분석 | O34: - | Q34: FUN-공통-022 | T34: 이동헌 | U34: 이동헌 | V34: 1. 검토결과 - 현행 프로그램 분석 후 개선방안 제시 2. 구현방안/제약사항 - 솔루션에 대한 선행검토 필요(사업관리) - 솔루션 선정 완료 후 AS-IS 소스에 대한 점검 수행 관리는 "공통기술" 관리 | Y34: 김훈희 | Z34: 이요한 | AA34: 0 | AB34: 0 | AC34: 0 | AD34: 0
A35: RQ-FUN-공통-022-0020 | B35: 소스코드 진단 | C35: ㅇ소스코드 정적분석 등 SW소스코드 진단을 통해 SW결함 또는 잠재결함을 검출하고 차세대 개발 시 미치는 영향도를 분석해야 함 - 발주기관의 요구사항을 반영하여 분석·설계 계획을 수립하고 분석을 수행해야 함 - 어플리케이션 및 다양한 SW의 개발언어(JAVA 등)에 대해 진단 해야 하며, 잠재 결함에 대한(또는 결함유형별) 개선코드 및 방향성을 제시해야함 - UTF8 등 인코딩 방식 변경에 따른 영향도 분석 및 적용방안 제시 | D35: 현행 | E35: 분석 | F35: 비기능 | G35: 수용 | I35: 중 | J35: 중 | K35: 2021-11-30 | M35: 사업관리/품질 | N35: 소스코드분석 | O35: - | Q35: FUN-공통-022 | T35: 이동헌 | U35: 이동헌 | V35: 1. 검토결과 - SW소스코드 진단을 통해 영향도 분석 2. 구현방안/제약사항 - 솔루션에 대한 선행검토 필요(사업관리) - 솔루션 선정 완료 후 AS-IS 소스에 대한 점검 수행 관리는 "공통기술" 관리 | Y35: 김훈희 | Z35: 이요한 | AA35: 0 | AB35: 0 | AC35: 0 | AD35: 0
A36: RQ-FUN-공통-022-0030 | B36: 소스코드 개선 방안 제시 | C36: ㅇ개선방안 작성 시, 발주기관이 개선방안을 쉽게 이해하고 이행할 수 있도록 상세하고 구체적으로 기술되어야 함 - 개선방안은 개선코드(예시), 통계데이터, 이미지 등을 활용하여 이해하기 쉽게 작성 - 개발언어의 버전 별 차이 분석(현행 및 적용 예정 버전) | D36: 현행 | E36: 분석 | F36: 비기능 | G36: 수용 | I36: 중 | J36: 중 | K36: 2021-11-30 | M36: 사업관리/품질 | N36: 소스코드분석 | O36: - | Q36: FUN-공통-022 | T36: 이동헌 | U36: 이동헌 | V36: 1. 검토결과 - 개선방안 작성 시 상세하고 구체적으로 기술 2. 구현방안/제약사항 - 솔루션에 대한 선행검토 필요(사업관리) - 솔루션 선정 완료 후 AS-IS 소스에 대한 점검 수행 관리는 "공통기술" 관리 | Y36: 김훈희 | Z36: 이요한 | AA36: 0 | AB36: 0 | AC36: 0 | AD36: 0
A37: RQ-기술협상-0170 | B37: 유지보수 시작 기준 | C37: □ 유지보수 시작 기준 ○ 제안한 HW, SW의 유지보수 시작일은 검사․검수를 완료한 시점을 기준으로 함 | D37: 현행 | E37: 분석 | F37: 비기능 | G37: 수용 | I37: 중 | J37: 중 | K37: 2021-11-30 | M37: 사업관리/품질 | N37: 시스템장비 | O37: 도입제품 | Q37: 기술협상 | T37: 이동헌 | U37: 이동헌 | V37: 1. 검토결과 - 유지보수 시작일은 검사, 검수를 완료한 시점 기준 2. 구현방안/제약사항 - 유지보수 계획수립 시 반영(유지보수계획서) | AA37: 0 | AB37: 0 | AC37: 0 | AD37: 0
A38: RQ-기술협상-0190 | B38: DBMS 협의 결정 | C38: □ DBMS 협의 결정 ○ 적용 DBMS의 선정은 전체 System Architecture를 고려하여 발주기관과 협의하여 결정함 ○ 도입되는 DBMS의 납품시기, 조건 등에 대해서는 발주기관의 불이익이 없어야 함 ○ 도입되는 DBMS는 나라장터 및 유관 시스템의 안정적 운영이 보장되어야 함 ○ 도입되는 DBMS에 따른 관리 도구, 개발도구, 모니터링 도구 등 기존 DBMS 지원 SW에 대한 안정성 확보가 담보되어야 함 | D38: 현행 | E38: 분석 | F38: 비기능 | G38: 수용 | I38: 중 | J38: 중 | K38: 2021-11-30 | M38: 사업관리/품질 | N38: 시스템장비 | O38: 도입 DBMS | Q38: 기술협상 | T38: 이동헌 | U38: 이동헌 | V38: 1. 검토결과 - 도입 DBMS 협의 결정 방안 2. 구현방안/제약사항 - 적용 DBMS의 선정은 전체 System Architecture를 고려하여 발주기관과 협의하여 결정 - 도입되는 DBMS의 납품시기, 조건 등에 대한 계획 수립 - 도입되는 DBMS는 나라장터 및 유관 시스템의 안정적 운영 보장 - 도입되는 DBMS에 따른 관리 도구, 개발도구, 모니터링 도구 등 기존 DBMS 지원 SW에 대한 안정성 확보 | AA38: 0 | AB38: 0 | AC38: 0 | AD38: 0
A39: RQ-기술협상-0360 | B39: SW 직접구매(분리발주) 세부 계획 수립 | C39: □ SW 직접구매(분리발주) 세부 계획 수립 ○ 분석․설계 내용을 감안한 SW 직접구매 세부계획을 수립하고 `22.2월까지 발주기관의 승인을 받아야 함 ○ SW 직접구매 세부 계획의 변경이 필요할 시 발주기관과 협의하여 결정하고 최종계획에 반영하여야 함 | D39: 현행 | E39: 분석 | F39: 비기능 | G39: 수용 | I39: 중 | J39: 중 | K39: 2021-11-30 | M39: 사업관리/품질 | N39: 시스템장비 | O39: 직접구매(분리발주) | Q39: 기술협상 | T39: 이동헌 | U39: 이동헌 | V39: 1. 검토결과 - SW 직접구매(분리발주) 세부계획 수립 방안 2. 구현방안/제약사항 - 분석 설계 내용을 감안한 SW 직접구매 세부계획 수립 - SW 직접구매 세부 계획의 변경 필요 시 조달청과 협의하여 결정 | AA39: 0 | AB39: 0 | AC39: 0 | AD39: 0
A40: RQ-FUN-공통-024-0020 | B40: 비대면 원격개발 | C40: ㅇ비대면 원격개발을 수행 할 경우 ‘국가정보보안 기본지침’ 제28조, 제52조 등 보안관리 가이드라인을 준수하여 수행하여야 함 | D40: 현행 | E40: 분석 | F40: 비기능 | G40: 수용 | I40: 중 | J40: 중 | K40: 2021-11-30 | M40: 사업관리/품질 | N40: 업무개발 | O40: - | Q40: FUN-공통-024 | T40: 조황근 | U40: 이동헌 | V40: 1. 검토결과 - 원격개발 수행 할 경우 보안관리 2. 구현방안/제약사항 - 코로나 등 원격개발 필요 상황 발생 시 추진단과 협의하여 국가정보보안 기본지침 제28조, 제52조 등 보안관리 가이드라인을 준수하여 수행 | Y40: 김훈희 | Z40: 이요한 | AA40: 0 | AB40: 0 | AC40: 0 | AD40: 0
A41: RQ-FUN-공통-024-0030 | B41: 국가공통플랫폼 검토 | C41: ㅇ국가 공통플랫폼으로 이용이 가능한 기능에 대해서는 우선적으로 검토하여 설계에 반영하여 구축 예시> 지능형 상담지식 서비스 및 종합쇼핑몰 챗봇 => 범정부 민원상담 365 | D41: 현행 | E41: 분석 | F41: 비기능 | G41: 수용 | I41: 중 | J41: 중 | K41: 2021-11-30 | M41: 사업관리/품질 | N41: 업무개발 | O41: - | Q41: FUN-공통-024 | T41: 이동헌 | U41: 이동헌 | V41: 1. 검토결과 - 국가 공통플랫폼으로 이용이 가능한 기능에 대해서는 우선적으로 검토하여 설계에 반영하여 구축 2. 구현방안/제약사항 - 설계단계에서 검토하여 반영 | Y41: 김훈희 | Z41: 이요한 | AA41: 0 | AB41: 0 | AC41: 0 | AD41: 0
A42: RQ-FUN-공통-023-0010 | B42: 업무 표준 정의서 | C42: 업무 표준은 문서로 작성되어야 하며, 법제도·지침·규정 등 수정 및 제정에 대해서는 발주기관과 협의하여 절차 진행 [업무 표준 예시] - 개발 표준(소스코드, 명명, 화면, 데이터, 공통, 디렉토리, SQL, Batch, 전자문서, 보안 등) - 정보시스템 운영관리 - 재해복구 - 자산관리(데이터 보관주기 포함) - 장애 관리 - 성능 관리 - 백업 관리 | D42: 현행 | E42: 분석 | F42: 비기능 | G42: 수용 | I42: 중 | J42: 중 | K42: 2021-11-30 | M42: 사업관리/품질 | N42: 업무표준제정 | O42: - | Q42: FUN-공통-023 | T42: 이동헌 | U42: 이동헌 | V42: 1. 검토결과 - 업무표준은 문서로 작성 - 법제도, 지침, 규정 등 수정 및 재정에 대하여 조달청과 협의하여 진행 2. 구현방안/제약사항 - 업무표준 정의(RQ-기술협상-0060 과 동일) - 개발표준 및 지침서 - 기존 지침에 대해서 수정시는 발주기관과 협의 | Y42: 김훈희 | Z42: 이요한 | AA42: 0 | AB42: 0 | AC42: 0 | AD42: 0
A43: RQ-기술협상-0060 | B43: 업무 표준 정의 | C43: □ 업무표준 정의 ○ 분석․설계 단계에서 요구사항에 따른 업무 표준지침을 작성하여야 함 - 실무에 적용 가능한 가이드라인 수준의 절차, 수행방안, 지연․장애․긴급 상황별 적용, 기관 특성별 적용 등을 제시 | D43: 현행 | E43: 분석 | F43: 비기능 | G43: 수용 | I43: 중 | J43: 중 | K43: 2021-11-30 | M43: 사업관리/품질 | N43: 업무표준제정 | O43: 업무표준 | Q43: 기술협상 | T43: 이동헌 | U43: 이동헌 | V43: 1. 검토결과 - 업무표준 정의 2. 구현방안/제약사항 - 업푸 표준지침 작성 1) RQ-FUN-공통-023-0010 을 상세화한 요구사항 2) 유형 가) 표준 : 개발표준가이드, 화면표준가이드, 시큐어코딩가이드, 데이터표준가이드, SQL작성가이드 나) 지침 : 정보시스템운영관리지침, 재해복구지침, 자산관리지침(데이터보관주기 포함), 장애관리지침, 성능관리지침, 백업관리지침 | AA43: 0 | AB43: 0 | AC43: 0 | AD43: 0
A44: RQ-기술협상-0230 | B44: 분석·설계 산출물 관리 | C44: □ 분석·설계 산출물 관리 ○ 사업수행계획서의 산출물에 기술구조 상세설계서(표준, 지침 포함)와 SW아키텍처 정의서의 작성 시기, 작성 주체, 작성 내용 등을 명시함 ○ 기술구조 상세설계서는 신규․변경 업무를 포함하여 분석․설계단계의 완료 2개월 전에 업무․기능별로 작성하여 관련부서의 승인을 득하고, SW아키텍처 정의서와 표준, 지침 등은 분석․설계 단계에서 최대한 종결함 | D44: 현행 | E44: 분석 | F44: 비기능 | G44: 수용 | I44: 중 | J44: 중 | K44: 2021-11-30 | M44: 사업관리/품질 | N44: 업무표준제정 | O44: 산출물작성 | Q44: 기술협상 | T44: 이동헌 | U44: 이동헌 | V44: 1. 검토결과 - 분석, 설계 산출물 관리 방안 2. 구현방안/제약사항 - 기술구조상세설계서 및 아키텍처정의서 작성 1) 기술구조상세설계서(응용, 기술, 인프라, 기타-빅데이터분석, 정보계, 신기술 영역) 2)기술영역에 대해서 전체 기술구조 설계서, 업무영역에 대해서 전체업무 프로세스 현황 기준 작성 - SW아키텍처정의서 1) 아키텍처정의서 작성(공통기술) - 표준 및 지침서 1)표준 : 개발표준가이드, 화면표준가이드, 시큐어코딩가이드, (데이터) 데이터표준가이드, (데이터) SQL작성가이드 등 작성 확인 2) 지침 : 정보시스템운영관리, 재해복구, 자산관리(데이터 보관주기포함), 장애관리, 성능관리, 백업관리 | AA44: 0 | AB44: 0 | AC44: 0 | AD44: 0
A45: RQ-기술협상-0450 | B45: 전자조달협의체 운영 지원 | C45: 전자조달협의체 운영 지원 - 28개 자체조달시스템 운영기관으로 구성된 전자조달협의체 관련행사를 지원해야 함 | D45: 현행 | E45: 분석 | F45: 비기능 | G45: 수용 | I45: 중 | J45: 중 | K45: 2021-11-30 | M45: 사업관리/품질 | N45: 자체조달 | O45: 협의체 운영 | Q45: 기술협상 | T45: 이동헌 | U45: 이동헌 | V45: 1. 검토 결과 - 전자조달 협의체 간담회 지원 - 목적: 자체전자조달시스템 운영 기관의 의견수렴, 시스템 통합 방향 제시 등을 통한 기관 맞춤형 차세대 나라장터 구축 2. 구현방안/제약사항 - 전자조달 협의체 간담회 발표자료 작성 및 행사 지원 | AA45: 0 | AB45: 0 | AC45: 0 | AD45: 0
A46: RQ-ECR-005-0040 | B46: 핵심모듈전담팀구성 | C46: ㅇ사업팀은 핵심모듈(공통기능/모듈, 보안모듈, 입찰/개찰업무 등)을 담당하는 내부 전담개발조직을 별도 구성 | D46: 현행 | E46: 분석 | F46: 비기능 | G46: 수용 | I46: 상 | J46: 상 | K46: 2021-11-30 | M46: 사업관리/품질 | N46: 장비 | O46: 클라우드 기반응용아키텍처 | Q46: ECR-005 | T46: 이동헌 | U46: 이동헌 | V46: 1. 검토결과 - 핵심모듈 담당 전담개발조직 별도 구성 2. 구현방안/제약사항 - 공통기능, 보안모듈, 입찰/개찰업무 등에 대하여 전담 조직 구성 | W46: 논의필요(조직구성) | AA46: 0 | AB46: 0 | AC46: 0 | AD46: 0
A47: RQ-ECR-005-0100 | B47: 영향도 분석(상호연관성분석) | C47: ㅇ어플리케이션의 상호 연관성 분석을 위해 유사 SR의 개발 대상 프로그램, 데이터, 대내외 인터페이스 목록 등 어플리케이션 변경 범위 조회 및 비교 분석 기능 구현 - 화면 또는 기능 별 난이도와 투입공수, 개발 일정이 비교 되어 예측 가능토록 표시되어야 하며 영향도 분석결과와 수행 여부 비교 확인 | D47: 현행 | E47: 분석 | F47: 비기능 | G47: 수용 | I47: 중 | J47: 상 | K47: 2021-11-30 | M47: 사업관리/품질 | N47: 장비 | O47: 클라우드 기반응용아키텍처 | Q47: ECR-005 | T47: 이동헌 | U47: 이동헌 | V47: 1. 검토결과 - 어플리케이션 변경범위 조회 및 비교 분석 기능 구현 - 영향도 분석결과와 수행여부 비교 2. 구현방안/제약사항 - 영향도 분석 수행 | W47: 솔루션도입인경우만 인프라 | AA47: 0 | AB47: 0 | AC47: 0 | AD47: 0
A48: RQ-ECR-005-0101 | B48: 영향도 분석(주요기능) | C48: ㅇ영향도 분석 수행 여부 확인 및 영향도 분석 결과 제공 등 유관 시스템 연계 기능 ㅇ영향도 분석 대상 범위 지정 및 분석 대상 프로그램 수집 ㅇ영향도 분석 대상 프로그램간 분석결과 리포팅 및 이력관리 - 프로그램 내 함수간 호출 및 피호출관계 분석 - 프로그램 내 참조 영향도 (Import, Include 등) 분석 - 프로그램 내 SQL 영향도 및 DB Object 영향도 분석 | D48: 현행 | E48: 분석 | F48: 비기능 | G48: 수용 | I48: 중 | J48: 상 | K48: 2021-11-30 | M48: 사업관리/품질 | N48: 장비 | O48: 클라우드 기반응용아키텍처 | Q48: ECR-005 | T48: 이동헌 | U48: 이동헌 | V48: 1. 검토결과 - 영향도 분석 수행 여부 확인 및 영향도 분석 결과 제공 - 영향도 분석 대상 범위 지정 및 분석 대상 프로그램 수집 - 영향도 분석 대상 프로그램간 분석결과 리포팅 및 이력관리 2. 구현방안/제약사항 - 영향도 분석 수행 | W48: 솔루션도입인경우만 인프라 | AA48: 0 | AB48: 0 | AC48: 0 | AD48: 0
A49: RQ-ECR-005-0110 | B49: 산출물 관리 | C49: ㅇ신규시스템 구축, 유지관리 등으로 신규/변경되는 산출물에 대한 통합 관리 기능 구축 ㅇ개발방법론과 연계하여 필수/선택 작성되어야 하는 산출물을 정의하여 관리요건을 수립하고 변경 이력관리 기능 구현 ㅇ형상관리시스템, 요구사항관리시스템 등과 연계하여 요구사항 접수 시 관련 산출물 자동 조회 기능 구현 | D49: 현행 | E49: 분석 | F49: 비기능 | G49: 수용 | I49: 중 | J49: 상 | K49: 2021-11-30 | M49: 사업관리/품질 | N49: 장비 | O49: 클라우드 기반응용아키텍처 | Q49: ECR-005 | T49: 이동헌 | U49: 이동헌 | V49: 1. 검토결과 - 산출물에 대한 통합 관리 기능 구축 - 변경 이력관리 기능 구현 - 산출물 자동 조회 기능 구현 2. 구현방안/제약사항 - 직접구매로 도입되는 형상관리시스템, 품질관리시스템 및 통합발주로 도입되는 ITSM시스템 간의 연계를 통하여 구현방안 협의 결정 | W49: 논의필요(ITSM 기능) | AA49: 0 | AB49: 0 | AC49: 0 | AD49: 0
A50: RQ-ECR-005-0120 | B50: 기능점수 관리 | C50: ㅇ전체 개발 프로그램에 대한 기능점수(FP) 관리 기능 구축 개발 요구사항 처리 시 변경된 기능점수에 대한 추가, 수정, 삭제 기능 구현 ㅇ기능점수 변경에 대한 이력관리 조회 기능 구현 ㅇ업무그룹별·개인별 기능점수 생산성 목표 설정 기능 제공(업무별 보정계수 적용 기능 등), 업무그룹별·개인별·월별·분기별 생산성 분석 결과 제공, 전년 대비 생산성 비교 분석 결과 제공 등 | D50: 현행 | E50: 분석 | F50: 비기능 | G50: 수용 | I50: 중 | J50: 중 | K50: 2021-11-30 | M50: 사업관리/품질 | N50: 장비 | O50: 클라우드 기반응용아키텍처 | Q50: ECR-005 | T50: 이동헌 | U50: 이동헌 | V50: 1. 검토결과 - 기능점수(FP) 관리 기능 구현 2. 구현방안/제약사항 - 직접구매로 도입되는 형상관리시스템, 품질관리시스템 및 통합발주로 도입되는 ITSM시스템 간의 연계를 통하여 구현방안 협의 결정 | W50: 논의필요(응용협의 필요) | AA50: 0 | AB50: 0 | AC50: 0 | AD50: 0
A51: RQ-ECR-005-0130 | B51: 개발 코드 단위 테스트 자동화 구축 | C51: ㅇ개발 코드 단위 테스트 자동화 및 가시화 환경을 제공하여 이를 통한 단위 테스트의 편의성과 신속성을 확보함 ㅇ적용되는 프레임워크 환경에서 테스트 기반 코드 작성을 통해 단위 테스트의 간편화, 신속화, 경량화 제공 ㅇ응용프로그램별, 모듈별, 단위업무별 단위 테스트 및 통합 테스트, 시스템 연계 테스트, 성능/오프라인 테스트 등 각종 테스트 시나리오/케이스 관리 기능 구현 ㅇ테스트 시나리오/케이스에 대한 추가, 변경, 삭제가 가능하도록 구축하고 테스트 데이터 및 테스트 수행결과 이력관리 기능 구현 ㅇ형상자원 변경 후 테스트시나리오/케이스에 대한 결과 입력 기능 구현 ㅇ테스트 시나리오/케이스별 사용한 테스트 데이터 관리 (재사용 및 영향도 평가 기능 제공) ㅇ테스트 수행 이력 관리 및 모듈 단위 테스트케이스 자동생성으로 반복테스트가 가능하도록 기능 구현 ㅇ운영시스템 배포 전 테스트 시나리오/케이스 수행 결과에 대한 적정성 검증 기능 구현 | D51: 현행 | E51: 분석 | F51: 비기능 | G51: 수용 | I51: 중 | J51: 중 | K51: 2021-11-30 | M51: 사업관리/품질 | N51: 장비 | O51: 클라우드 기반응용아키텍처 | Q51: ECR-005 | T51: 이동헌 | U51: 이동헌 | V51: 1. 검토결과 - 테스트 관리 기능 구현 2. 구현방안/제약사항 - 프로젝트관리시스템(PiMS) 등을 통하여 구현방안 협의 결정 | W51: 논의필요(응용협의 필요) | AA51: 0 | AB51: 0 | AC51: 0 | AD51: 0
A52: RQ-COR-001-0010 | B52: 감리 대응 | C52: ㅇ 감리계획에 따른 실행에 대응하여야 함 - 본 사업은 정보시스템 감리 대상으로 한국정보화진흥원의 ‘정보화사업 감리수행 가이드’에 기재된 사항을 점검할 수 있도록 감리법인이 점검하기 위한 산출물을 작성하여 제출하여야 함 - 감리업체의 감리 수행을 적극 지원해야 하며, 감리 준비 및 인터뷰 등의 대응으로 인하여 소요되는 공수가 사업 진행에 영향을 미치지 않도록 유의하여야 함 | D52: 현행 | E52: 분석 | F52: 비기능 | G52: 수용 | I52: 중 | J52: 하 | K52: 2021-11-30 | M52: 사업관리/품질 | N52: 제약사항 | O52: 감리 | Q52: COR-001 | T52: 김야중 | U52: 김야중 | V52: 1. 검토결과 - 감리 수행계획에 따른 감리수행 지원 및 개선결과 반영 2. 구현방안/제약사항 [결과] 감리시정조치계획서, 감리시정조치결과서 | AA52: 0 | AB52: 0 | AC52: 0 | AD52: 0
A53: RQ-COR-002-0010 | B53: 규정 변경에 따른 시스템 구현의 유연성 | C53: ㅇ시스템 구축 기간 내 적용 법령 등 규정 변경시 반영하여 개발하여야 함 ※ 규정에 대한 적용시점을 고려하여 발주기관과 협의하여 적용 ㅇ업무신설·업무폐지 및 업무개선, 업무간소화, 절차생략 등에 따라 시스템 기능이 확대·축소될 경우에는 조정하여 제공해야함 ㅇ기능요구사항에 대한 사용자, 적용분야에 대해서는 요구분석 및 업무설계에 따라 범위, 대상을 조정하여 제공해야함 예시) ※사용자 : 수요기관→조달업체/수요기관/자체조달기관 ※적용분야 : 물품→물품/공사/일반용역/기술용역 ㅇ본 사업을 위해 활용되는 분리발주 대상 외에 솔루션은 성능 및 기능을 만족하는 방식(자체구현, 오픈소스 활용, 상용솔루션 구매 등)을 제안사가 선택하여 제안할 수 있음 ㅇ본 사업에 추가·변경 기능 적용여부는 추가 시점 및 범위를 고려하여 발주기관과 협의하여 적용해야 함 | D53: 현행 | E53: 분석 | F53: 비기능 | G53: 수용 | I53: 중 | J53: 중 | K53: 2021-11-30 | M53: 사업관리/품질 | N53: 제약사항 | O53: 변경관리 | Q53: COR-002 | T53: 이동헌 | U53: 이동헌 | V53: 1. 검토결과 - 규정 변경에 따른 시스템 구현 방안 2. 구현방안/제약사항 - 구축기간 내 적용 법령 등 규정 변경 시 반영하여 개발 - 추가 변경 기능 적용여부는 추가 시점 및 범위를 고려하여 조달청과 협의하여 진행 | W53: 전체업무 | AA53: 0 | AB53: 0 | AC53: 0 | AD53: 0
A54: RQ-COR-003-0010 | B54: 기술적용계획표 및 결과표 작성 | C54: ㅇ발주자가 작성한 기술적용계획표의 검토 및 준수와 결과표 작성 방안을 제시하여야 함 ㅇ기술적용계획표의 기술표준이 본 사업에 부합하는지 검토하여야 하며, 변경이 필요할 경우 타당한 사유를 제시하여 발주자와 상호 협의하여 조정하여야 함 ㅇ기술적용계획표 검토 시 부득이한 경우를 제외하고는 특정기술에 종속되지 않는 개방형 기술로 구현하도록 검토하여야 함 | D54: 현행 | E54: 분석 | F54: 비기능 | G54: 수용 | I54: 중 | J54: 중 | K54: 2021-11-30 | M54: 사업관리/품질 | N54: 제약사항 | O54: 기술적용계획표 | Q54: COR-003 | T54: 이동헌 | U54: 이동헌 | V54: 1. 검토결과 - 기술적용계획표 및 결과서 작성 방안 2. 구현방안/제약사항 - 기술적용계획표 기준의 기술적용 관리 1) 공통기술 및 인프라, 보안영역의 기술적용계획 관리 필요 2) 사업수행계획서의 기술적용계획표에 대해서 사업종료시점에 인프라, 공통기술(보안포함) 영역에서 최종 검토 작성 | W54: 공통기술, 인프라 | AA54: 0 | AB54: 0 | AC54: 0 | AD54: 0
A55: RQ-COR-005-0010 | B55: 손해배상책임 | C55: ㅇ사업수행 중 사업자 귀책사유로 수요기관에게 발생한 모든 손해는 사업자가 배상하는 것을 원칙으로 함 ㅇ사업자가 용역수행 중 보안문제 등 수요기관 및 수요기관과 관련한 제3자에 유·무형의 손해를 끼친 때에는 사업자는 그 배상의 책임을 짐 ㅇ수요기관은 손해가 발생한 경우 사업자에게 통보하고 해당 손해배상금을 부과할 수 있음 | D55: 현행 | E55: 분석 | F55: 비기능 | G55: 수용 | I55: 중 | J55: 중 | K55: 2021-11-30 | M55: 사업관리/품질 | N55: 제약사항 | O55: 손해배상 | Q55: COR-005 | T55: 이동헌 | U55: 이동헌 | V55: 1. 검토결과 - 손해배상책임 범위 2. 구현방안/제약사항 - 사업수행에 따른 귀책에 대해서는 요건에 따라 대응 | AA55: 0 | AB55: 0 | AC55: 0 | AD55: 0
A56: RQ-COR-006-0010 | B56: 계약변경 | C56: ㅇ과업기간 등 계약 변경 조건은 다음과 같음 - 법 개정 지연 등 사업추진에 영향을 주는 요인이 발생한 경우 - 천재지변이나 감염병확산 등의 사유로 과업수행에 차질이 생겼을 때 - 기타 과업수행과 관련하여 사회적 통념상 인정되는 부득이한 사유가 발생되었을 때 | D56: 현행 | E56: 분석 | F56: 비기능 | G56: 수용 | I56: 중 | J56: 중 | K56: 2021-11-30 | M56: 사업관리/품질 | N56: 제약사항 | O56: 계약변경 | Q56: COR-006 | T56: 이동헌 | U56: 이동헌 | V56: 1. 검토결과 - 계약변경 조건 2. 구현방안/제약사항 - 계약변경 요건에 해당하는 경우 추진단과 협의하여 계약변경 수행 | AA56: 0 | AB56: 0 | AC56: 0 | AD56: 0
A57: RQ-COR-008-0010 | B57: 소프트웨어 임치 | C57: ㅇ계약목적물의 소스코드 등 기술자료를 제 3의 기관에 임치하여야 하며, 매년 분기별로 최신 자료로 업데이트 하여야 한다. 임치비용은 구축 사업자 및 SW업체에서 부담 - 임치기간 : 10년 이상 또는 조달청 지정기간 - 임치대상 : 주요 SW 및 개발결과물 | D57: 현행 | E57: 분석 | F57: 비기능 | G57: 수용 | I57: 하 | J57: 하 | K57: 2021-11-30 | M57: 사업관리/품질 | N57: 제약사항 | O57: 소프트웨어 임치 | Q57: COR-008 | T57: 이동헌 | U57: 이동헌 | V57: 1. 검토결과 - 소프트웨어 임치 기간 및 대상 2. 구현방안/제약사항 - 소프트웨어 임치 수행 - 대상 : 소스코드 등 기술자료 | AA57: 0 | AB57: 0 | AC57: 0 | AD57: 0
A58: RQ-COR-009-0010 | B58: 특허권 및 저작권 | C58: ㅇ특허/저작권 침해 - 제공한 S/W 및 콘텐츠(이하, 물품으로 통칭)로 인하여, S/W 사용기간 동안 발주자가 소유권 및 지적재산권 침해에 관한 소송 또는 소송 외 청구를 당하거나 그로 인해 재판이 결정된 경우, 공급업체는 공급업체의 비용으로 즉시 동 물품의 계속 점유권 및 사용권을 발주자에게 부여하거나 또는 소유권 및 지적재산권 침해 물품과 동등 또는 더 우수한 물품으로 대체하고 동 물품을 철거하여야 함 - 소프트웨어 사용 기간 내에 구축된 시스템이 국내외 저작권 침해 등 법적 권리관계의 문제 발생 시 이에 대한 조치 및 책임은 사업 수주자에게 있으며, 이에 따른 손해배상의 책임도 사업 수주자에게 있음 | D58: 현행 | E58: 분석 | F58: 비기능 | G58: 수용 | I58: 상 | J58: 하 | K58: 2021-11-30 | M58: 사업관리/품질 | N58: 제약사항 | O58: 특허권/저작권 | Q58: COR-009 | T58: 이동헌 | U58: 이동헌 | V58: 1. 검토결과 - 특허 및 저작권 준수 2. 구현방안/제약사항 - 특허/저작권 준수하여 사업 수행 | AA58: 0 | AB58: 0 | AC58: 0 | AD58: 0
A59: RQ-COR-009-0020 | B59: 공개 소프트웨어 이용 | C59: ㅇ공개 소프트웨어 이용 - 공개 S/W를 사용할 경우, S/W의 유지관리(오류 해결 및 커스터마이징) 방안 및 향후 라이선스 확보 방안을 제시하여야 함 | D59: 현행 | E59: 분석 | F59: 비기능 | G59: 수용 | I59: 하 | J59: 하 | K59: 2021-11-30 | M59: 사업관리/품질 | N59: 제약사항 | O59: 공개소프트웨어 | Q59: COR-009 | T59: 이동헌 | U59: 이동헌 | V59: 1. 검토결과 - 공개 소프트웨어 이용 시 방안 2. 구현방안/제약사항 - 공개 소프트웨어 도입 시 유지관리 방안 및 라이선스 확보방안 별도 제시 | AA59: 0 | AB59: 0 | AC59: 0 | AD59: 0
A60: RQ-COR-010-0010 | B60: 해외 진출 | C60: ㅇ해외 수출 등 해외 시장 진출 - 대기업이 중소기업과 같이 사업을 수주 한 경우, 사업자는 해외시장 진출 시 대중소기업 동반진출을 원칙으로 하며, 착수계 제출시 확약서 제출 | D60: 현행 | E60: 분석 | F60: 비기능 | G60: 수용 | I60: 하 | J60: 하 | K60: 2021-11-30 | M60: 사업관리/품질 | N60: 제약사항 | O60: 해외진출 | Q60: COR-010 | T60: 이동헌 | U60: 이동헌 | V60: 1. 검토결과 - 해외 수출 등 해외 시장 진출 시 의무 사항 2. 구현방안/제약사항 - 동반진출 확약서 제출 | AA60: 0 | AB60: 0 | AC60: 0 | AD60: 0
A61: RQ-COR-011-0010 | B61: 장애 위약금 | C61: ㅇ장애복구 기준 및 제재 사항 - 사업 수주자의 시스템 구축의 오류(장비, SW, 개발)로 인하여 장애가 발생 및 정상적인 서비스 시행이 불가한 경우 발주기관은 이에 상응하는 금전적 배상을 청구할 수 있음 - 사업수행기간 또는 하자담보 책임기간 동안에 장애접수 시 신속한 복구조치를 하여야 하며, 장애복구는 장애접수 시간부터 등급 별 최대 4시간 이내 복구함을 원칙으로 함 - 장애시간 산출은 장애접수 시간부터 완료시간까지로 하고 장애처리 후 24시간 이내에 동일 장애 발생 시 장애가 복구되지 아니하고 계속된 것으로 간주함 - 제품하자 등 명백한 사유로 업무에 지장을 초래한 경우 제조물책임법 등에 의거 사업 손해에 대하여 배상 - 하자보수의 불이행으로 인하여 서비스 지연이나 손실을 주었을 경우 발주자는 사업 수주자에 손해배상 청구를 할 수 있음 | D61: 현행 | E61: 분석 | F61: 비기능 | G61: 수용 | I61: 상 | J61: 중 | K61: 2021-11-30 | M61: 사업관리/품질 | N61: 제약사항 | O61: 장애위약금 | Q61: COR-011 | T61: 이동헌 | U61: 이동헌 | V61: 1. 검토결과 - 장애복구 기준 및 제재사항 2. 구현방안/제약사항 - 시스템 개통 후 안정화(하자보수기간) 단계에서 장애복구 기준 및 손해배상 적용 | AA61: 0 | AB61: 0 | AC61: 0 | AD61: 0
A62: RQ-FUN-공통-021-0010 | B62: 차세대 KONEPS 서비스 제공(해외서비스) 개발 방안 제시 | C62: ㅇ해외 수요국에 적용이 가능하도록 어플리케이션 등 개발방안 제시 - 제안사는 공공조달 표준절차를 정의하고 표준 서비스를 모듈화 또는 업무별 서비스(기능 등)가 가능하도록 기술적용 방안을 마련하고 서비스/소스 등 재활용성을 극대화 할 수 있는 기술 표준 제시 | D62: 현행 | E62: 분석 | F62: 비기능 | G62: 수용 | I62: 중 | J62: 중 | K62: 2021-11-30 | M62: 사업관리/품질 | N62: 차세대 KONEPS | O62: - | Q62: FUN-공통-021 | T62: 이동헌 | U62: 이동헌 | V62: 1. 검토결과 - 해외 수요국에 적용 가능하도록 어플리케이션 등 개발방안 2. 구현방안/제약사항 - 개발표준가이드, 개발프레임워크(전자정부) - 업무 표준절차서, 서비스모듈정의, 서비스별 기능 정의(응용업무 정의) | Y62: 김훈희 | Z62: 이요한 | AA62: 0 | AB62: 0 | AC62: 0 | AD62: 0
A63: RQ-FUN-공통-021-0020 | B63: 신기술 기반 공통 서비스 활용방안 제시 | C63: ㅇ해외수출을 고려한 신기술 기반 공통 서비스 활용 방안 제시 - 인공지능, 클라우드, 빅데이터 등 해외 수요국에 적용 가능한 신기술에 대하여 해외표준, 동향 등을 파악하여 신기술을 재활용 가능한 방안 마련 | D63: 현행 | E63: 분석 | F63: 비기능 | G63: 수용 | I63: 중 | J63: 중 | K63: 2021-11-30 | M63: 사업관리/품질 | N63: 차세대 KONEPS | O63: - | Q63: FUN-공통-021 | T63: 이동헌 | U63: 이동헌 | V63: 1. 검토결과 - 해외수출을 고려한 신기술 기반 공통 서비스 활용 방안 2. 구현방안/제약사항 - 사업관리에 별도의 담당자 지정 관리 필요 - 신기술 해외적용 방안 제시, 신기술 포함한 (시스템)아키텍처정의 | Y63: 김훈희 | Z63: 이요한 | AA63: 0 | AB63: 0 | AC63: 0 | AD63: 0
A64: RQ-FUN-공통-021-0030 | B64: 서비스 표준 모델 설계 | C64: ㅇ수출 국가(아시아, 아프리카, 남미, 유럽 등) 특성을 고려한 공통 요소, 서비스 등 표준 모델 설계 - 전자조달 해외수출 표준모델 마련, 프로세스 재배치가 가능하도록 유연한 설계 | D64: 현행 | E64: 분석 | F64: 비기능 | G64: 수용 | I64: 중 | J64: 중 | K64: 2021-11-30 | M64: 사업관리/품질 | N64: 차세대 KONEPS | O64: - | Q64: FUN-공통-021 | T64: 이동헌 | U64: 이동헌 | V64: 1. 검토결과 - 수출 국가 특성을 고려한 표준 모델 설걔 2. 구현방안/제약사항 - 응용 서비스에 대한 해외 적용을 위한 표준모델 설계 제시 필요 | Y64: 김훈희 | Z64: 이요한 | AA64: 0 | AB64: 0 | AC64: 0 | AD64: 0
A65: RQ-기술협상-0350 | B65: 정부정책, 법․제도 변경 반영 | C65: □ 정부정책, 법․제도 변경 반영 ○ 사업수행 중에 정부정책, 법․제도 변경, 규제개혁 등에 따라 변경․추가된 기능은 시스템에 반영하여야 하며, 이를 위한 추가인력 투입 등은 발주기관과 협의하여 결정 | D65: 현행 | E65: 분석 | F65: 비기능 | G65: 수용 | I65: 중 | J65: 중 | K65: 2021-11-30 | M65: 사업관리/품질 | N65: 컨설팅 | O65: 법제도개선 | Q65: 기술협상 | T65: 이동헌 | U65: 이동헌 | V65: 1. 검토결과 - 법, 제도 변경에 대한 시스템 반영 2. 구현방안/제약사항 - 추가적인 필요 사항은 고객 협의 후 진행 | AA65: 0 | AB65: 0 | AC65: 0 | AD65: 0
A66: RQ-기술협상-0460 | B66: 법·제도 개선 컨설팅 | C66: □ 법·제도 개선 컨설팅 ○ 제안요청서에 명시된 자문의 범위는 차세대 나라장터 구축에 따른 법·제도 개선 컨설팅을 포함 | D66: 현행 | E66: 분석 | F66: 비기능 | G66: 수용 | I66: 중 | J66: 중 | K66: 2021-11-30 | M66: 사업관리/품질 | N66: 컨설팅 | O66: 법제도개선 | Q66: 기술협상 | T66: 이동헌 | U66: 이동헌 | V66: 1. 검토결과 - 법, 제도 컨설팅 수행 2. 구현방안/제약사항 - 전문인력 투입 컨설팅 수행 | AA66: 0 | AB66: 0 | AC66: 0 | AD66: 0
A67: RQ-TER-001-0010 | B67: 테스트 전략 수립 | C67: ㅇ차세대 시스템의 성공적 개통과 안정적 서비스 제공을 위하여 차세대 시스템 구축 전반의 테스트 전략 수립하여야 함 ㅇ사업 추진 단계와 시스템 특성에 적합한 도구와 방법을 제안하고 분석·설계 등 각 단계 별 체계적인 테스트 전략 및 방안 제시 ㅇ시스템 성능, 결함 등 테스트 성격과 시스템 영역, 서비스 채널, 테스트 환경 구성 및 테스트 데이터 확보 방안 등을 포함한 구체적인 전략 마련 | D67: 현행 | E67: 분석 | F67: 비기능 | G67: 수용 | I67: 상 | J67: 상 | K67: 2021-11-30 | M67: 사업관리/품질 | N67: 테스트 | O67: 테스트전략 | Q67: TER-001 | T67: 조형래 | U67: 조형래 | V67: 1. 검토결과 - 총괄테스트계획 수립 - 기능결함 테스트(단위,통합,사용자,인수) - 시스템성능테스트(부하성능) - 테스트 환경 구성(연계환경 포함), 테스트 데이터 확보 2. 구현방안/제약사항 [결과] 총괄테스트계획서 | Y67: 김훈희 | Z67: 이요한 | AA67: 0 | AB67: 0 | AC67: 0 | AD67: 0
A68: RQ-TER-002-0010 | B68: 단위테스트계획 수립 | C68: ㅇ단위시험의 범위, 수행절차, 조직, 일정, 시험환경 및 평가기준을 구체적으로 수립하여야 함 - 단위테스트 수행조직, 역할 제시 - 단위 기능별 테스트 방안, 검증방법 등 단위테스트 방안 제시 | D68: 현행 | E68: 분석 | F68: 비기능 | G68: 수용 | I68: 중 | J68: 중 | K68: 2021-11-30 | M68: 사업관리/품질 | N68: 테스트 | O68: 단위테스트 | Q68: TER-002 | T68: 조형래 | U68: 조형래 | V68: 1. 검토결과 - 단위테스트 계획수립 - 범위, 수행절차, 조직, 일정, 시험환경 및 평가 기준 수립 - 수행조직 및 역할 작성 - 테스트방안, 검증방법 제시 2. 구현방안/제약사항 [결과] 단위테스트계획서 | Y68: 김훈희 | Z68: 이요한 | AA68: 0 | AB68: 0 | AC68: 0 | AD68: 0
A69: RQ-TER-002-0020 | B69: 단위테스트 시나리오 작성 | C69: ㅇ단위시험 시나리오별, 처리 절차, 수행데이터, 예상결과 등을 사전에 정의하여야 함 - 해당 모듈의 기능이 모두 점검될 수 있도록 단위시험 시나리오 및 테스트 데이터를 충분히 정의 | D69: 현행 | E69: 분석 | F69: 비기능 | G69: 수용 | I69: 중 | J69: 중 | K69: 2021-11-30 | M69: 사업관리/품질 | N69: 테스트 | O69: 단위테스트 | Q69: TER-002 | T69: 조형래 | U69: 조형래 | V69: 1. 검토결과 - 단위테스트 시나리오 작성 및 적용 : 테스트 데이터 포함 (입력 및 예상결과 테스트케이스에 반영) 2. 구현방안/제약사항 [결과] 단위테스트시나리오, 단위테스트케이스, PiMS(TMS) 시스템 테스트 현황 등록 | Y69: 김훈희 | Z69: 이요한 | AA69: 0 | AB69: 0 | AC69: 0 | AD69: 0
A70: RQ-TER-002-0030 | B70: 단위테스트 수행 결과 작성 | C70: ㅇ단위시험 시에 다음의 내용이 점검되어야 함 - 결함유형 분석(결함발생건수, 결함비율) - 결함심각도 분석(치명적 결함, 주요결함, 단순결함, 사소한 결함, 개선사항별 발생결함 건수) - 결함발견 추세분석(시험일시, 발견결함 수) - 시험 커버리지 ※ 유스케이스(use case) 기준의 경우 = (시험대상 유스케이스 / 전체 유스케이스)*100 ㅇ구축 사업자는 단위 테스트 결과와 향후 조치 방안이 포함된 단위 테스트 결과보고서를 발주기관에 제출하여야 함 | D70: 현행 | E70: 분석 | F70: 비기능 | G70: 수용 | I70: 중 | J70: 중 | K70: 2021-11-30 | M70: 사업관리/품질 | N70: 테스트 | O70: 단위테스트 | Q70: TER-002 | T70: 조형래 | U70: 조형래 | V70: 1. 검토결과 -단위테스트 수행결과 정리 및 분석 수행 - 결함유형 분석 - 결함심각도 분석 - 결함발견 추세분석(일시별 발견결함수) - 시험커버리지 분석 2.구현방안/제약사항 [결과] 단위테스트결과서, 결함관리대장(PiMS(TMS) 시스템) | Y70: 김훈희 | Z70: 이요한 | AA70: 0 | AB70: 0 | AC70: 0 | AD70: 0
A71: RQ-TER-003-0010 | B71: 통합테스트 수행 | C71: ㅇ통합테스트 시나리오에 따라 단위테스트가 완료된 프로그램들을 대상으로 다음 사항을 검증하여야 함 - 기능, 성능 등의 요구사항 및 설계사양 충족여부 검증 - 기능의 정상적 수행여부 검증 등 - 기능수행 후의 결과가 사전에 예측된 결과와 일치하는지 검증 - 시스템의 접근권한 및 업무 권한에 대한 적절성 검증 - 대내시스템 간, 영역 간 연계 및 이를 포함하는 업무흐름 검증 - 대외기관 연계 및 이를 포함하는 업무 흐름 검증 ㅇ결함을 파악하고 원인을 추적하여 결함을 제거하여야 함 | D71: 현행 | E71: 분석 | F71: 비기능 | G71: 수용 | I71: 상 | J71: 상 | K71: 2021-11-30 | M71: 사업관리/품질 | N71: 테스트 | O71: 통합테스트 | Q71: TER-003 | T71: 조형래 | U71: 조형래 | V71: 1. 검토결과 통합테스트 수행 및 결과정리 - 기능,성능 요구사항 충족 검증 - 기능 적합 여부 검증(예측된 결과와 일치하는지 검증) - 접근권한, 업무권한 등 권한에 대한 적절성 고려한 통합테스트시나리오/케이스 작성 및 권한기능 점검 - 대내외 연계가 포함된 업무흐름 검증 - 결함관리 및 결함제거 2. 구현방안/제약사항 [결과] 통합테스트계획서, 통합테스트결과서, 결함관리대장(PiMS(TMS) 시스템) | Y71: 김훈희 | Z71: 이요한 | AA71: 0 | AB71: 0 | AC71: 0 | AD71: 0
A72: RQ-TER-003-0020 | B72: 통합테스트 결과 작성 | C72: 결과보고서에는 테스트 대상 업무, 테스트 수행건수 (시나리오 기준), 통과건수, 결함건수, 결함 유형, 난이도, 심각도 및 원인 분석 결과, 결함 발생 추이(영향도 포함), 이슈, 대처 방안 등이 포함되어야 하며, 이를 통해 발주기관이 품질을 판단할 수 있도록 상세하게 작성 | D72: 현행 | E72: 분석 | F72: 비기능 | G72: 수용 | I72: 상 | J72: 상 | K72: 2021-11-30 | M72: 사업관리/품질 | N72: 테스트 | O72: 통합테스트 | Q72: TER-003 | T72: 조형래 | U72: 조형래 | V72: 1. 검토결과 통합테스트 결과 작성 및 분석 - 대상 업무, 테스트 수행건수 (시나리오 기준), 통과건수, 결함건수, 결함 유형, 난이도, 심각도 분석 - 원인 분석 결과, 결함 발생 추이(영향도 포함), 이슈, 대처 방안 분석 - 통합테스트결과서 작성 및 검토 2.구현방안/제약사항 [결과] 통합테스트결과서 | Y72: 김훈희 | Z72: 이요한 | AA72: 0 | AB72: 0 | AC72: 0 | AD72: 0
A73: RQ-TER-003-0030 | B73: 통합테스트 전문테스트 관리자 | C73: 구축 사업자는 통합 테스트를 위한 전담 조직을 구성하여야 하며, 전문 테스트 관리자가 전체 과정을 진행 | D73: 현행 | E73: 분석 | F73: 비기능 | G73: 수용 | I73: 하 | J73: 하 | K73: 2021-11-30 | M73: 사업관리/품질 | N73: 테스트 | O73: 통합테스트 | Q73: TER-003 | T73: 조형래 | U73: 조형래 | V73: 1. 검토결과 - 전문테스트관리자 투입 - 통합테스트 관리조직 구성 2. 구현방안/제약사항 [결과] 통합테스트계획서 | Y73: 김훈희 | Z73: 이요한 | AA73: 0 | AB73: 0 | AC73: 0 | AD73: 0
A74: RQ-TER-003-0040 | B74: 통합테스트 시정조치 이행 | C74: 사업자는 테스트 결과에 따른 자체적인 시정조치 이외에 발주기관 (감리, PMO, 테스트 전담 조직 포함)이 요청한 사항 이행 | D74: 현행 | E74: 분석 | F74: 비기능 | G74: 수용 | I74: 중 | J74: 중 | K74: 2021-11-30 | M74: 사업관리/품질 | N74: 테스트 | O74: 통합테스트 | Q74: TER-003 | T74: 조형래 | U74: 조형래 | V74: 1. 검토결과 통합테스트 수행결과 및 분석 수행에 따른 시정조치 수행 - (감리, PMO, 테스트조직) 결함에 대한 시정조치 수행 및 검토 2. 구현방안/제약사항 [결과] 통합테스트결과서 | Y74: 김훈희 | Z74: 이요한 | AA74: 0 | AB74: 0 | AC74: 0 | AD74: 0
A75: RQ-TER-004-0010 | B75: 성능테스트 계획수립 및 테스트 수행 | C75: ㅇ성능목표를 정의하고 시스템 성능 테스트 실시 - 실제 운영 환경에서 목표성능 수립 ㅇ목표성능에 못 미칠 경우 목표에 부합하도록 시스템 튜닝 및 재시험 ㅇ성능 테스트를 통해 사용자 화면 응답시간, 업무영역별 성능 적정성 및 자원 가용성 검증, 최적화(튜닝) 필요 항목을 도출 ㅇ구축 사업자는 차수별 성능 테스트 결과와 향후 조치 방안이 포함된 성능 테스트 결과보고서를 주관기관에 제출 ㅇ결과보고서에는 테스트 대상 업무, 성능 지표값, 요건 충족도, 성능 최적화 방안, 이슈 등이 포함 | D75: 현행 | E75: 분석 | F75: 비기능 | G75: 수용 | I75: 상 | J75: 상 | K75: 2021-11-30 | M75: 사업관리/품질 | N75: 테스트 | O75: 성능테스트 | Q75: TER-004 | T75: 조형래 | U75: 조형래 | V75: 1. 검토결과 성능테스트 계획 수립 - 목표 수립 및 시나라오 작성 - 전문 테스트 관리자를 통한 테스트 계획 수립 및 테스트 수행 - 성능테스트 수행 후 테스트 결과보고서 제출 및 검토(향후 조치방안 포함) 2. 구현방안/제약사항 [결과] 시스템(부하성능)테스트계획서, 시스템(부하성능)테스트결과서 | Y75: 김훈희 | Z75: 이요한 | AA75: 0 | AB75: 0 | AC75: 0 | AD75: 0
A76: RQ-TER-004-0020 | B76: 성능테스트 전담 조직 구성 | C76: 구축 사업자는 성능 테스트를 위한 전담 조직을 구성하여야 하며, 전문 테스트 관리자가 전체 과정 진행 | D76: 현행 | E76: 분석 | F76: 비기능 | G76: 수용 | I76: 하 | J76: 하 | K76: 2021-11-30 | M76: 사업관리/품질 | N76: 테스트 | O76: 성능테스트 | Q76: TER-004 | T76: 조형래 | U76: 조형래 | V76: 1. 검토결과 성능테스트 전담조직 구성 - 성능테스트 관리를 위한 전문테스트관리자 투입 2. 구현방안/제약사항 [결과] 시스템(부하성능)테스트계획서 | Y76: 김훈희 | Z76: 이요한 | AA76: 0 | AB76: 0 | AC76: 0 | AD76: 0
A77: RQ-TER-004-0030 | B77: 성능테스트 시정조치 이행 | C77: 구축 사업자는 테스트 결과에 따른 자체적인 시정조치 이외에 발주기관(감리, 테스트전담조직, PMO 포함)이 요청한 사항 이행 | D77: 현행 | E77: 분석 | F77: 비기능 | G77: 수용 | I77: 중 | J77: 중 | K77: 2021-11-30 | M77: 사업관리/품질 | N77: 테스트 | O77: 성능테스트 | Q77: TER-004 | T77: 조형래 | U77: 조형래 | V77: 1. 검토결과 성능테스트 결과에 따른 시정조치 이행 2. 구현방안/제약사항 [결과] 시스템(부하성능)테스트결과서 | Y77: 김훈희 | Z77: 이요한 | AA77: 0 | AB77: 0 | AC77: 0 | AD77: 0
A78: RQ-TER-004-0040 | B78: 성능테스트 환경구축 | C78: ㅇ성능 테스트 환경 구축(도구 등)에 필요한 제반 비용은 구축 사업자가 부담 - 성능테스트를 위해 검증된 전문 소프트웨어를 사용하여야 함 ㅇ필요시 본 사업 관련 성능테스트 환경을 별도로 구축하여야 함 | D78: 현행 | E78: 분석 | F78: 비기능 | G78: 수용 | I78: 중 | J78: 중 | K78: 2021-11-30 | M78: 사업관리/품질 | N78: 테스트 | O78: 성능테스트 | Q78: TER-004 | T78: 조형래 | U78: 조형래 | V78: 1. 검토결과 전문 성능테스트 업체 투입을 통한 성능테스트 수행 - 검증된 전문 소스트웨어 사용 2. 구현방안/제약사항 [결과] 시스템(부하성능)테스트계획서 | Y78: 김훈희 | Z78: 이요한 | AA78: 0 | AB78: 0 | AC78: 0 | AD78: 0
... A87: RQ-TER-008-0030 | B87: 테스트 전문 도구 활용 | C87: 테스트 전문 도구를 활용하는 경우 적용 방안을 구체적으로 제시하여야 함 | D87: 현행 | E87: 분석 | F87: 비기능 | G87: 수용 | I87: 중 | J87: 중 | K87: 2021-11-30 | M87: 사업관리/품질 | N87: 테스트 | O87: 테스트도구 | Q87: TER-008 | T87: 조형래 | U87: 조형래 | V87: 1. 검토결과 PiMS - TMS 관리도구 적용 - Code Inspection / 소나큐브 적용 - 테스트관리도구(PiMS) 적용 2. 구현방안/제약사항 [결과] 총괄테스트계획서 | Y87: 김훈희 | Z87: 이요한 | AA87: 0 | AB87: 0 | AC87: 0 | AD87: 0
A88: RQ-기술협상-0070 | B88: 모바일 서비스 테스트 방안 | C88: □ 모바일 서비스 테스트 방안 ○ 모바일 서비스 확대에 따른 모바일 테스트 방안(모바일 OS버전, 기기 등 범위 지정, 테스트 기기 지원 등) 제시 ○ 추가 제안한 솔루션으로 테스트가 불가한 경우는 추가적인 솔루션․테스트 방안 제공 | D88: 현행 | E88: 분석 | F88: 비기능 | G88: 수용 | I88: 중 | J88: 중 | K88: 2021-11-30 | M88: 사업관리/품질 | N88: 테스트 | O88: 테스트전략 | Q88: 기술협상 | T88: 조형래 | U88: 조형래 | V88: 1. 검토결과 모바일 서비스 테스트계획 수립 - OS 버전, 기기 지원 범위, 테스트를 위한 테스트 기기 지원 수립 - 솔루션 기반의 테스트 수행 방안(모바일 테스트 솔루션 적용) - mTworks 적용(퍼블릭 사이트에서 솔루션을 통한 테스트 자동화 지원) 2. 구현방안/제약사항 [결과] (모바일)테스트 계획서 | AA88: 0 | AB88: 0 | AC88: 0 | AD88: 0
A89: RQ-기술협상-0240 | B89: 서비스․기능 테스트 환경 구축 | C89: □ 서비스․기능 테스트 환경 구축 ○ 비대면 업무, Paperless, 전자캐비닛 등 신규 서비스․기능의 사용자 테스트를 위한 환경 및 장비를 제공하여야 함 | D89: 현행 | E89: 분석 | F89: 비기능 | G89: 수용 | I89: 중 | J89: 중 | K89: 2021-11-30 | M89: 사업관리/품질 | N89: 테스트 | O89: 테스트전략 | Q89: 기술협상 | T89: 이동헌 | U89: 이동헌 | V89: 1. 검토결과 - 서비스 기능테스트 환경 구성 2. 구현방안/제약사항 - 서비스 테스트 점검을 위한 PC 환경 구성 제공 | AA89: 0 | AB89: 0 | AC89: 0 | AD89: 0
A90: RQ-기술협상-0250 | B90: 부하 및 성능테스트 | C90: □ 부하 및 성능테스트 ○ tpm-c, tpc-h, tpc-ds 등 부하·성능테스트 방안을 제시하고 성능테스트를 적극적으로 수행하여야 함 | D90: 현행 | E90: 분석 | F90: 비기능 | G90: 수용 | I90: 중 | J90: 중 | K90: 2021-11-30 | M90: 사업관리/품질 | N90: 테스트 | O90: 부하테스트 | Q90: 기술협상 | T90: 조형래 | U90: 조형래 | V90: 1. 검토결과 부하성능 계획 수립 시에 방안 적용 - 인프라팀은 성능테스트 수행시 지원하는 역할을 수행 2. 구현방안/제약사항 [결과] 시스템(부하성능)테스트계획서 | AA90: 0 | AB90: 0 | AC90: 0 | AD90: 0
A91: RQ-기술협상-0260 | B91: 테스트 전담조직 및 인력 | C91: □ 테스트 전담조직 및 인력 ○ 사업수행계획서에 테스트 전담조직의 규모, 구성, 일정, 사전 교육 등을 포함한 테스트 계획 및 조직구성안을 포함하여 제출하고, 개발 착수 후 2개월 이내에 총괄 테스트 계획서에 이와 관련한 상세 내용을 반영함 | D91: 현행 | E91: 분석 | F91: 비기능 | G91: 수용 | I91: 중 | J91: 중 | K91: 2021-11-30 | M91: 사업관리/품질 | N91: 테스트 | O91: 테스트전략 | Q91: 기술협상 | T91: 조형래 | U91: 조형래 | V91: 1. 검토결과 테스트 전담조직 구성 및 인력투입 - 개발 착수 후 2개월이내 총괄테스트계획서 작성 - 테스트 전담조직의 규모, 구성, 일정, 사전교육 등을 포함 2. 구현방안/제약사항 [결과] 총괄테스트계획서 | AA91: 0 | AB91: 0 | AC91: 0 | AD91: 0
A92: RQ-ECR-005-0020 | B92: 최신 표준 개발 방법론 | C92: ㅇ차세대 시스템 구축에 대한 안정성, 신속성 확보를 위한 최신 표준 개발 방법론 제시 ㅇ개발 관리를 위한 최적화된 수행 단계, 수행 기법, 산출물 목록을 제시하고 실질적으로 개발된 응용 시스템의 완성도를 중시하는 개발 방법론 제시 | D92: 현행 | E92: 분석 | F92: 비기능 | G92: 수용 | I92: 중 | J92: 중 | K92: 2021-11-30 | M92: 사업관리/품질 | N92: 품질 | O92: 방법론 | Q92: ECR-005 | T92: 김야중 | U92: 김야중 | V92: 1. 검토결과 - CBD 개발방법론 적용 - SKPE-UM(통합) 개발방법론 적용 - 각 단계에 대한 산출물 상세화 및 교육 수행(교육훈련결과서) 2. 구현방안/제약사항 [결과] (응용시스템적용 기준)개발방법론적용계획서/산출물테일러링/교육훈련결과서 | AA92: 0 | AB92: 0 | AC92: 0 | AD92: 0
A93: RQ-PMR-001-0010 | B93: 프로젝트 개발 및 사업관리 방안 제시 | C93: [조달청 및 단위업무별 특성을 감안한 최신 개발방법론 및 사업수행체계 적용 제시] - 대규모 구축 사업을 고려하여 개발자간 커뮤니케이션이 원활할 수 있는 개발 방법, 상세 개발 표준, 사업수행 방안 제시하되 향후 운영 단계까지 고려해야함 [최적화된 프로젝트 개발 및 체계적인 사업관리 방안 제시] ㅇ 다년도로 추진되는 구축사업에 적합한 개발방법론을 적용해야 함 - 각 단계별 활용도구(분석 및 설계 도구, 개발도구 등)와 기법의 적정성을 제시하여야 함 - 유사사업 경험이 있는 경우 레퍼런스로 별도 제출 할 수 있음 ㅇ수행활동 및 산출물을 세분화하여 정의하고, 유지보수 단계에서의 산출물 현행화가 용이하도록 제안하여야 함 ㅇ선‧후행 작업을 제시하여 사업의 연속성을 담보할 수 있도록 함 ㅇ특성상 여러 개의 개발방법론을 적용하는 경우에는 각각 사용범위를 구별하여 제시하여야 함 ㅇ위험관리, 품질관리, 일정관리, 자원관리, 형상관리 등 사업관리방법론을 통한 체계적인 사업관리 방안 제시 - 완성도를 높이기 위해 프로젝트 착수에서 종료까지 체계적으로 프로젝트를 관리(관리도구이용)해야 함 - 사업기간 중 설계 또는 개발 산출물이 업무변화, 신기술의 등장 등에 의하여 요구사항 또는 과업범위 변경으로 나타나는 경우 유연하게 수용할 수 있는 방안 포함해야 함 | D93: 현행 | E93: 분석 | F93: 비기능 | G93: 수용 | I93: 상 | J93: 중 | K93: 2021-11-30 | M93: 사업관리/품질 | N93: 품질 | O93: 방법론 | Q93: PMR-001 | T93: 김야중 | U93: 김야중 | V93: 1. 검토결과 - 표준 개발방법론 적용 - SKPM(사업관리) 방법론 적용 - SKPE-UM(통합개발방법론) 적용 2. 구현방안/제약사항 [결과] 개발방법론적용계획, PiMS 시스템 적용 | AA93: 0 | AB93: 0 | AC93: 0 | AD93: 0
A94: RQ-PMR-001-0020 | B94: 표준 개발방법론 적용 | C94: [표준 개발방법론 정의 및 적용(개발단계별, 구축 후 운영 관점 포함)] ㅇ산출물 목록, 작성가이드, 템플릿 등 관리 총괄(QA, AA) ㅇ개발 프로세스 모델 관점의 적용 기준 수립 및 적용 ㅇ개발방법론 준수 여부 점검을 위한 핵심 요구사항 정의 및 가이드 ㅇ개발방법론 전산화 요건 정의 ㅇ구축 이후 운영 관점의 내재화 및 확산 등 관리방안 수립 ㅇ표준 개발방법론 유지보수 방안 수립 | D94: 현행 | E94: 분석 | F94: 비기능 | G94: 수용 | I94: 상 | J94: 중 | K94: 2021-11-30 | M94: 사업관리/품질 | N94: 품질 | O94: 방법론 | Q94: PMR-001 | T94: 김야중 | U94: 김야중 | V94: 1. 검토결과 - CBD 개발방방법론 - SKPE-UM(통합개발방법론) 방법론 적용 -개발방법론 전산화 요건 정의, 구축 이후 운영 관점의 내재화 및 확산 등 관리방안 수립, 표준개발방법론 유지보수 방안 수립 : 위의 요건 3개에 대한 방안 수립필요(협의필요사항 정리) 2. 구현방안/제약사항 [결과] 개발방법론 | AA94: 0 | AB94: 0 | AC94: 0 | AD94: 0
A95: RQ-PMR-001-0030 | B95: 방법론에 따른 산출물 | C95: [산출물 제안] ㅇ적용 방법론에 따른 산출물 목록, 산출물 작성가이드, 산출물 템플릿 등 제시 ㅇ표준 개발방법론에 의거 산출물 목록을 참고하여 개발단계별 산출물에 작성 할 것 | D95: 현행 | E95: 분석 | F95: 비기능 | G95: 수용 | I95: 상 | J95: 중 | K95: 2021-11-30 | M95: 사업관리/품질 | N95: 품질 | O95: 방법론 | Q95: PMR-001 | T95: 김야중 | U95: 김야중 | V95: 1. 검토결과 - 통합개발 CBD 방법론에 따른 산출물목록 및 템플릿, 작성가이드 제시 - 각 단계 산출물 작성 방안 제시 (SKPE-UM 표준통합개발방법론 기준) 2. 구현방안/제약사항 [결과] 산출물테일러링결과서, 템플릿 | AA95: 0 | AB95: 0 | AC95: 0 | AD95: 0
A96: RQ-PMR-014-0010 | B96: 품질보증활동 | C96: ㅇ성과품의 품질확보를 위하여 품질관리자(QAO, Quality Assurance Officer)에 의한 지속적인 품질보증활동 수행 - 품질보증계획 수립, 품질보증 목표 및 표준에 대한 교육 - 계획에 따른 품질보증 수행, 품질결함분석 및 시정조치, 변경요청 - 단계별 품질목표 달성, 품질표준 준수 등에 관한 보고서 제출 | D96: 현행 | E96: 분석 | F96: 비기능 | G96: 수용 | I96: 중 | J96: 중 | K96: 2021-11-30 | M96: 사업관리/품질 | N96: 품질 | O96: 품질관리 | Q96: PMR-014 | T96: 김야중 | U96: 김야중 | V96: 1. 검토결과 - 품질보증계획 수립 및 품질보증 활동 수행(품질활동 보고서 작성) 2. 구현방안/제약사항 [결과] 품질보증계획서, 교육결과서, 품질점검결과서 | AA96: 0 | AB96: 0 | AC96: 0 | AD96: 0
A97: RQ-QUR-001-0010 | B97: 품질관리 및 보증방안 제시 | C97: ㅇ분석, 설계, 개발, 테스트(단위, 통합, 시스템) 등 단계별 품질지표를 제시하고 품질수준 평가 및 개선을 위한 품질관리 계획 수립 ㅇ품질수준 확보를 위해 정보시스템 구축에 필요한 표준 및 품질 준수 기준을 확인하여 정보화 사업 수행 시 반영 ㅇ품질보증 범위, 조직, 절차, 점검방법 등을 제시하고 품질관리 활동 수행 ㅇ분석ㆍ설계ㆍ개발 등 단계별 표준 가이드를 마련하고 산출물 표준화 ㅇ행정ㆍ공공기관 웹사이트 구축ㆍ운영 가이드」 에 따라 최신 웹사이트 품질기준을 준수 | D97: 현행 | E97: 분석 | F97: 비기능 | G97: 수용 | I97: 상 | J97: 중 | K97: 2021-11-30 | M97: 사업관리/품질 | N97: 품질 | O97: 품질관리 | Q97: QUR-001 | T97: 김야중 | U97: 김야중 | V97: 1. 검토결과 - 품질관리계획 수립 및 정량지표 정의 - 품질보증 활동을 통한 품질점검 수행 - 별도의 작성 산출물에 대한 품질 점검 수행 - 단계별 방법론 기반 산출물 작성 가이드 작성 및 교육 수행(분석, 설계, 개발 등) 2. 구현방안/제약사항 [결과] 품질보증계획서, 품질점검결과서, 단계별 표준가이드 및 교육결과서 | AA97: 0 | AB97: 0 | AC97: 0 | AD97: 0
A98: RQ-QUR-002-0010 | B98: 기능 구현 정확성 및 신뢰성 보장 | C98: ㅇ시스템은 제공되기로 한 요구사항을 모두 제공하며, 초기 협의한 요구사항에서 변경관리 절차를 통해 승인을 획득한 요구사항을 최종 baseline으로 간주함(baseline별로 반드신 승인을 받아야함) ㅇ제공되기로 한 요구사항을 제공하는지 여부는 각 기능요구사항의 검증(테스트) 활동을 통해 예상된 결과가 도출되었을 경우 요구사항을 제공한 것으로 평가함 ㅇ기능 구현 정확성은 사용자가 직접 테스트 수행 기간에 테스트를 수행함으로써 평가함 ㅇ시스템은 통상적인 운영시간 동안 가용성을 보장하여야 하며, 시스템 조건이 무엇이든지 간에 모든 채널에 동일한 자료 및 결과를 생성하고 인도해야 함 ㅇ복구할 수 없는 자료의 손실로 이어질 수 있는 오류를 방지하고 오류가 발생하는 즉시 사용자에게 관련 메시지 공지 | D98: 현행 | E98: 분석 | F98: 비기능 | G98: 수용 | I98: 상 | J98: 상 | K98: 2021-11-30 | M98: 사업관리/품질 | N98: 품질 | O98: 품질관리 | Q98: QUR-002 | T98: 김야중 | U98: 김야중 | V98: 1. 검토결과 - 요구사항 관리 수행 및 Baseline 설정(PMS 통합 요구사항 관리) - 기능요구사항은 테스트를 통한 점검(단위, 통합 등) 2. 구현방안/제약사항 [결과] 요구사항정의서, 사용자테스트결과서, 인수테스트결과서 | AA98: 0 | AB98: 0 | AC98: 0 | AD98: 0
A99: RQ-QUR-003-0010 | B99: 방법론 제시 및 준수 | C99: ㅇ사업추진 시 제안사는 타 구축사업에서 검증된 시스템 개발방법론을 제시하여야 함 - 개발방법론은 적용 및 활용방법, 사례를 제시하여야 함 - 사업수행에 필요한 산출물의 일부는 발주자가 제공하는 서식을 준용하여야 함 - 사업수행 산출물은 개발방법론에 정의된 표준서식을 준용하여야 함 ㅇ제안사는 본 사업범위내 개발 프로그램이 고품질을 유지할 수 있도록 하여야 하며, 개발방법론의 준수여부를 관리하여야 함 | D99: 현행 | E99: 분석 | F99: 비기능 | G99: 수용 | I99: 상 | J99: 상 | K99: 2021-11-30 | M99: 사업관리/품질 | N99: 품질 | O99: 방법론 | Q99: QUR-003 | T99: 김야중 | U99: 김야중 | V99: 1.검토결과 - CBD 개발방법론 적용 - SKPE-UM(통합개발방법론) 방법론 적용 2. 구현방안/제약사항 [결과] 사업수행계획서, 품질점검결과서, 개발방법론적용계획서 | AA99: 0 | AB99: 0 | AC99: 0 | AD99: 0
... A107: RQ-PMR-005-0020 | B107: 하도급 관리방안 | C107: ◦제안사(공동수급체를 구성하는 경우 공동수급원 포함) 소속 이외의 인력은 하도급으로 간주하며, 하도급 계약 시 관계 법률에 의하여 사전 승인을 받아야 함 - 하도급 업체 투입 인력에 대한 관리방안을 제시하여야 함 - 행정기관 및 공공기관 정보시스템 구축ㆍ운영지침 제19조에 따라 하도급 대금지급 기준을 준수하여야 함 | D107: 현행 | E107: 분석 | F107: 비기능 | G107: 수용 | I107: 중 | J107: 중 | K107: 2021-11-30 | M107: 사업관리/품질 | N107: 프로젝트관리 | O107: 하도급관리 | Q107: PMR-005 | T107: 이동헌 | U107: 이동헌 | V107: 1. 검토결과 - 하도급 관리 방안 2. 구현방안/제약사항 - 하도급관리 수행 및 하도급 승인신청 수행 | AA107: 0 | AB107: 0 | AC107: 0 | AD107: 0
A108: RQ-PMR-006-0010 | B108: 요구사항 관리 | C108: 사업자는 요구사항을 빠짐없이 관리하고, 각각의 요구사항이 구축 진행 전 단계의 관련 산출물에 반영여부를 확인할 수 있도록 관리(요구사항 추적) | D108: 현행 | E108: 분석 | F108: 비기능 | G108: 수용 | I108: 상 | J108: 중 | K108: 2021-11-30 | M108: 사업관리/품질 | N108: 프로젝트관리 | O108: 범위관리 | Q108: PMR-006 | T108: 이동헌 | U108: 이동헌 | V108: 1. 검토결과 - 요구사항 관리 방안 2. 구현방안/제약사항 - 요구사항 범위 관리 및 요구사항 추적관리 | Y108: 김훈희 | Z108: 이요한 | AA108: 0 | AB108: 0 | AC108: 0 | AD108: 0
A109: RQ-PMR-007-0010 | B109: 일정계획 | C109: 사업을 기간 내에 완수하기 위해 과제단위로 단계별 추진일정 및 세부 활동 내용 등이 포함된 개발 일정계획을 제시하여야 함 | D109: 현행 | E109: 분석 | F109: 비기능 | G109: 수용 | I109: 상 | J109: 상 | K109: 2021-11-30 | M109: 사업관리/품질 | N109: 프로젝트관리 | O109: 일정관리 | Q109: PMR-007 | T109: 이동헌 | U109: 이동헌 | V109: 1. 검토결과 - 일정계획 관리 방안 2. 구현방안/제약사항 - 일정계회(WBS) 수립 및 PMS 등록관리 | AA109: 0 | AB109: 0 | AC109: 0 | AD109: 0
A110: RQ-PMR-008-0010 | B110: 변경관리 | C110: ㅇ과업수행 기간 중 당초 계획 대비 정책, 설계, 전체일정 변경 등 여건상 변동이 발생한 경우, 발주기관에게 변경사유서를 제출하여 승인을 득해야 함 - 사업수행계획서에 명시된 과업내용, 범위 등을 변경해야 하는 경우 - 사업수행계획서에 명시되지 않은 내용 중 추가로 수행하는 과업 중 명시된 과업에 영향을 주는 경우 - 기타 수행업체 단독 결정이 곤란한 사항 | D110: 현행 | E110: 분석 | F110: 비기능 | G110: 수용 | I110: 중 | J110: 중 | K110: 2021-11-30 | M110: 사업관리/품질 | N110: 프로젝트관리 | O110: 변경관리 | Q110: PMR-008 | T110: 이동헌 | U110: 이동헌 | V110: 1. 검토결과 - 변경관리 방안 2. 구현방안/제약사항 - 변경사항에 대한 변경사유서 제출 및 승인 수행(과업내용, 범위 등) | AA110: 0 | AB110: 0 | AC110: 0 | AD110: 0
A111: RQ-PMR-008-0020 | B111: 변경사항 설명회/보고회 | C111: ㅇ차세대 주요 변경사항에 대한 설명회/보고회 개최 지원 - 주요 단계 종료 또는 전체 사용자 검토가 필요한 경우 워크숍 등 이해관계자들이 참여할 수 있는 검토회의 개최 지원 - 비즈니스 과제 중 차세대 중점과제를 선정하고 이를 사용자와 지속 소통하면서 관리할 수 있는 방안 수립 및 수행 | D111: 현행 | E111: 분석 | F111: 비기능 | G111: 수용 | I111: 중 | J111: 중 | K111: 2021-11-30 | M111: 사업관리/품질 | N111: 프로젝트관리 | O111: 변경관리 | Q111: PMR-008 | T111: 이동헌 | U111: 이동헌 | V111: 1. 검토결과 - 차세대 주요 변경사항에 대한 설명회/보고회 개최 지원 2. 구현방안/제약사항 - 요구사항 및 변경사항에 대한 설명회 및 보고회 개최 - 전체 사용자 검토가 필요한 경우 워크샵 등 검토회의 개최 지원 | AA111: 0 | AB111: 0 | AC111: 0 | AD111: 0
A112: RQ-PMR-009-0010 | B112: 위험관리 방안 | C112: 본 사업의 수행 시, 발생이 예상되는 쟁점 및 미결사항에 대한 관리, 기능 개선 과제에 대한 사용자 요구사항의 상세화 과정에서의 리스크 등 각종 위험에 대한 통제 및 리스크 관리 방안을 제시하며, 지속적으로 문제를 파악 관리하고, 조치사항에 대하여 추적할 수 있는 방안 제시 | D112: 현행 | E112: 분석 | F112: 비기능 | G112: 수용 | I112: 중 | J112: 중 | K112: 2021-11-30 | M112: 사업관리/품질 | N112: 프로젝트관리 | O112: 위험관리 | Q112: PMR-009 | T112: 이동헌 | U112: 이동헌 | V112: 1. 검토결과 - 위험관리 방안 2. 구현방안/제약사항 - 위험에 대한 통제 및 리스크 관리(위험리스크관리대장 및 상세내역) 수행 | AA112: 0 | AB112: 0 | AC112: 0 | AD112: 0
A113: RQ-PMR-010-0010 | B113: 정기보고 | C113: 사업진행에 대한 업무내용, 진척사항, 기타 특기사항을 기록한 업무일지를 작성하여 주간, 월간 단위로 작성ㆍ제출(보고)하여야 함 | D113: 현행 | E113: 분석 | F113: 비기능 | G113: 수용 | I113: 중 | J113: 중 | K113: 2021-11-30 | M113: 사업관리/품질 | N113: 프로젝트관리 | O113: 보고관리 | Q113: PMR-010 | T113: 이동헌 | U113: 이동헌 | V113: 1. 검토결과 - 정기보고 방안 2. 구현방안/제약사항 - 주간, 월간 단위의 보고서 작성 및 제출 | AA113: 0 | AB113: 0 | AC113: 0 | AD113: 0
A114: RQ-PMR-011-0010 | B114: 수시보고 | C114: 원활한 과업 추진을 위해 필요시 비정기적인 보고 요청에 대응함 | D114: 현행 | E114: 분석 | F114: 비기능 | G114: 수용 | I114: 중 | J114: 중 | K114: 2021-11-30 | M114: 사업관리/품질 | N114: 프로젝트관리 | O114: 보고관리 | Q114: PMR-011 | T114: 이동헌 | U114: 이동헌 | V114: 1. 검토결과 - 수시보고 방안 2. 구현방안/제약사항 - 필요시 비정기적인 수시보고 수행 | AA114: 0 | AB114: 0 | AC114: 0 | AD114: 0
A115: RQ-PMR-012-0010 | B115: 관련기관과 원활한 업무 협의 | C115: 과제별 관련 기관과 개발 요건 정의 및 연계기관 간 원활한 업무협의 진행 방안을 제시하여야 함 | D115: 현행 | E115: 분석 | F115: 비기능 | G115: 수용 | I115: 중 | J115: 중 | K115: 2021-11-30 | M115: 사업관리/품질 | N115: 프로젝트관리 | O115: 업무협의 | Q115: PMR-012 | T115: 이동헌 | U115: 이동헌 | V115: 1. 검토결과 - 관련기관과 업무협의 방안 2. 구현방안/제약사항 - 개발요건 및 연계 등 업무협의를 위한 업무협의체 구성 및 협의회 수행 | AA115: 0 | AB115: 0 | AC115: 0 | AD115: 0
...

Sheet Sheet1
N1: 구분 | O1: 서브시스템 | P1: 건수
C2: 업무구분 | D2: 건수 | G2: RQ-FUN-자체조달-100-0020 | H2: =VLOOKUP(G2, 상세현황!$A:$M, 2, FALSE) -> 공고자료 조회기간 확대 | N2: 사업관리 | O2: 사업관리/품질 | P2: =COUNTIF($H:$H, O2) -> 0
C3: 검사처리 | D3: =COUNTIF(상세현황!$N:$N, Sheet1!C3) -> 11 | G3: RQ-FUN-자체조달-100-0070 | H3: =VLOOKUP(G3, 상세현황!$A:$M, 2, FALSE) -> 견적공고 | N3: 공공조달 | O3: 운영관리(응용공통) | P3: =COUNTIF($H:$H, O3) -> 0
C4: 시정조치 | D4: =COUNTIF(상세현황!$N:$N, Sheet1!C4) -> 10 | G4: RQ-FUN-자체조달-100-0110 | H4: =VLOOKUP(G4, 상세현황!$A:$M, 2, FALSE) -> 구매요청(구매요청 문서 생성) | O4: 조달요청 | P4: =COUNTIF($H:$H, O4) -> 0
C5: 업체생산능력확인 | D5: =COUNTIF(상세현황!$N:$N, Sheet1!C5) -> 6 | G5: RQ-FUN-자체조달-100-0130 | H5: =VLOOKUP(G5, 상세현황!$A:$M, 2, FALSE) -> 계약방법결정(품목별 계약방법 생성) | O5: 공고 | P5: =COUNTIF($H:$H, O5) -> 0
C6: 품질보증결과 | D6: =COUNTIF(상세현황!$N:$N, Sheet1!C6) -> 16 | G6: RQ-FUN-자체조달-100-0160 | H6: =VLOOKUP(G6, 상세현황!$A:$M, 2, FALSE) -> 업체추천 | O6: 가격 | P6: =COUNTIF($H:$H, O6) -> 0
C7: 품질보증계획 | D7: =COUNTIF(상세현황!$N:$N, Sheet1!C7) -> 5 | G7: RQ-FUN-자체조달-100-0200 | H7: =VLOOKUP(G7, 상세현황!$A:$M, 2, FALSE) -> 폐광지역 제한경쟁 및 수의계약 | O7: 입찰 | P7: =COUNTIF($H:$H, O7) -> 0
C8: 품질보증수행 | D8: =COUNTIF(상세현황!$N:$N, Sheet1!C8) -> 2 | G8: RQ-FUN-자체조달-100-0230 | H8: =VLOOKUP(G8, 상세현황!$A:$M, 2, FALSE) -> 발전소 주변지역 제한경쟁 기능 | O8: 계약체결 | P8: =COUNTIF($H:$H, O8) -> 0
C9: 품질보증준비 | D9: =COUNTIF(상세현황!$N:$N, Sheet1!C9) -> 12 | G9: RQ-FUN-자체조달-100-0231 | H9: =VLOOKUP(G9, 상세현황!$A:$M, 2, FALSE) -> 발전소 주변지역 제한경쟁 기능(현장실사) | O9: 계약관리 | P9: =COUNTIF($H:$H, O9) -> 0
C10: 하자관리 | D10: =COUNTIF(상세현황!$N:$N, Sheet1!C10) -> 21 | G10: RQ-FUN-자체조달-100-0250 | H10: =VLOOKUP(G10, 상세현황!$A:$M, 2, FALSE) -> 원자력 품질자재구매 유자격자 명부 관리 기능 | N10: 상품조달 | O10: 쇼핑몰 | P10: =COUNTIF($H:$H, O10) -> 0
G11: RQ-FUN-자체조달-100-0320 | H11: =VLOOKUP(G11, 상세현황!$A:$M, 2, FALSE) -> 발주 프로세스 자동화 | N11: 조달지원 | O11: 경리 | P11: =COUNTIF($H:$H, O11) -> 0
G12: RQ-FUN-자체조달-100-0321 | H12: =VLOOKUP(G12, 상세현황!$A:$M, 2, FALSE) -> 발주프로세스 자동화 | O12: 지원공통 | P12: =COUNTIF($H:$H, O12) -> 0
G13: RQ-FUN-자체조달-100-0370 | H13: =VLOOKUP(G13, 상세현황!$A:$M, 2, FALSE) -> 수수료율 투찰
G14: RQ-FUN-자체조달-100-0440 | H14: =VLOOKUP(G14, 상세현황!$A:$M, 2, FALSE) -> 예외적 계약진행 종료
G15: RQ-FUN-자체조달-100-0460 | H15: =VLOOKUP(G15, 상세현황!$A:$M, 2, FALSE) -> 예비가격(복수예비가격)
G16: RQ-FUN-자체조달-100-0470 | H16: =VLOOKUP(G16, 상세현황!$A:$M, 2, FALSE) -> 협상회의록
G17: RQ-FUN-자체조달-100-0520 | H17: =VLOOKUP(G17, 상세현황!$A:$M, 2, FALSE) -> 수의시담 복수예비가격
G18: RQ-FUN-자체조달-100-0720 | H18: =VLOOKUP(G18, 상세현황!$A:$M, 2, FALSE) -> 식자재 유자격자 제도
G19: RQ-FUN-자체조달-100-0722 | H19: =VLOOKUP(G19, 상세현황!$A:$M, 2, FALSE) -> 식자재 유자격자 제도 및 식자재 입찰계약
G20: RQ-FUN-자체조달-100-0760 | H20: =VLOOKUP(G20, 상세현황!$A:$M, 2, FALSE) -> 계약체결_첨부파일,물품 직접등록
G21: RQ-FUN-자체조달-100-0770 | H21: =VLOOKUP(G21, 상세현황!$A:$M, 2, FALSE) -> 계약체결_전자인증
G22: RQ-FUN-자체조달-100-0780 | H22: =VLOOKUP(G22, 상세현황!$A:$M, 2, FALSE) -> 계약관리 현황
G23: RQ-FUN-조달지원-066-0060 | H23: =VLOOKUP(G23, 상세현황!$A:$M, 2, FALSE) -> 한국전자통신연구원 나라장터 이용수수료 고지방식 개선
G24: RQ-FUN-자체조달-100-0850 | H24: =VLOOKUP(G24, 상세현황!$A:$M, 2, FALSE) -> 제안서 접수 및 송부_입찰서류접수
... G28: RQ-FUN-자체조달-100-1000 | H28: =VLOOKUP(G28, 상세현황!$A:$M, 2, FALSE) -> 다국어지원(영어)
